nct_id,study_status,shap_value,feature_value,direction,snippet,dim,mean_abs
NCT05707195,1,0.014603857083657204,-0.082544982,high,"Learning Excellence Program and Improvement of Quality Care | Satisfaction, Patient | Improving the quality of care is a daily goal in pediatric intensive care units. Measuring patient and family satisfaction is recognized as an indicator o…",73,0.003994311621531016
NCT05902546,1,0.014536662670921033,-0.100551255,high,Effect of HIIT Vs Moderate Intensity Aerobic Exercise on Insulin Resistance in Type 2 DM | Diabetes Mellitus|Insulin Resistance | Comparing between the efficacy of high intensity interval training and moderate intensity aerobic exercises on…,73,0.003994311621531016
NCT05963204,1,0.014487599601181955,0.038357042,high,A Study to Evaluate the Effects for Midface Improvement When Pairing a Biostimulator with a Skincare Regimen | Photodamaged Skin|Volume Deficiency of the Midface | To assess skin structural change in midface after treatment with a biostimul…,73,0.003994311621531016
NCT05601531,1,0.013323866093942626,-0.001605358,high,"Autologous Tooth Root in Ridge Preservation | Alveolar Ridge Preservation | Use your extracted teeth for routine dental care to make an autologous root slice, cover it in your extraction cavity, and give you Vit.D3 locally with the bone mat…",73,0.003994311621531016
NCT05856071,1,0.013198027735745655,-0.177774683,high,TEL and Clam Shell Exercises Affect After ACL | Knee Ligament Injury | The purpose of this study to determine the effects of the addition of isolated hip strengthening exercises to traditional rehabilitation after Anterior cruciate ligament…,73,0.003994311621531016
NCT05948098,1,0.012703145856421542,-0.072849639,high,"Facilitated Tucking Position, Gentle Human Touch Practices and Pain | Pain|Premature | This prospective study is planned as a randomized controlled study to evaluate the effect of facilitated tucking position and gentle human touch practice…",73,0.003994311621531016
NCT06204796,1,0.01260404781609509,0.056639653,high,The Role of Vitamin D in Amelioration of Oral Lichen Planus and Its Effect on Salivary IFN-γ Level | Oral Lichen Planus|Vitamin D Deficiency | The goal of this clinical trial is to compare between the use of vitamin D supplement in conjunct…,73,0.003994311621531016
NCT05742633,1,0.012309572720719189,-0.030401533,high,Comparative Effect of Active Release Technique Versus Self-myofascial Release in Improving Piriformis Syndrome | Piriformis Syndrome | The goal of this Randomized controlled trial is to examine comparative effect of active release technique…,73,0.003994311621531016
NCT05973695,1,-0.006201618653549303,-0.095527142,low,"Effects of Clamshell Versus Gluteal Bridge Exercises | Lower Crossed Syndrome | Gluteal amnesia is a ""condition"" where the individual is believed to have lost the ability to contract their gluteal muscles - generally the gluteus maximus, th…",73,0.003994311621531016
NCT06850155,1,-0.006182162044865436,-0.110253535,low,"Gluteal Sling Release on Gluteal Dysfunction After in Primary Total Hip Arthroplasty | Hip Osteoarthritis|Osteoarthritis, Hip|Gluteus Maximus Muscle Atrophy|Muscle Weakness Condition|Fatty Degeneration | This study investigates the effects …",73,0.003994311621531016
NCT06798025,0,-0.005867238269668178,-0.086500667,low,Three Different Modalities for Treatment of Inflammatory Punctal Stenosis | Modalities|Treatment|Inflammatory Punctal Stenosis | This study aimed to compare the efficacy of three various modalities of treatment of inflammatory punctal steno…,73,0.003994311621531016
NCT03825965,1,-0.005542451134178918,-0.145266563,low,"Cannabinoids vs. Placebo on Persistent Post-surgical Pain Following TKA: A Pilot RCT | Knee Osteoarthritis | Each year, approximately 75,000 Canadians undergo knee replacement surgery, and up to 25% develop persistent post-surgical pain. Pe…",73,0.003994311621531016
NCT06294535,1,-0.0055098615175893425,0.089940384,low,"The Accuracy of Reconstruction of Orbital Walls Fracture Using Prebent Mesh Versus Patient Specific Implant | Orbital Fractures | under GA, incision to access to orbital walls. Then insertion of prebent titanium mesh or customized titanium …",73,0.003994311621531016
NCT05691829,1,-0.005406690471343154,-0.211085513,low,"Immunotherapy With Non-Ablative Radiation in Previously Untreated Patients With Stage IV NSCLC | NSCLC Stage IV | The purpose of this study is to test if low dose radiation, which is routinely used in treating patients with lung cancer for …",73,0.003994311621531016
NCT06077474,1,-0.005375717721208275,-0.142590046,low,Validation of the Turkish Version of PTSD-RI-5 | Post-Traumatic Stress Disorder in Children | The aim of this study is to investigate the adaptation and validity of the DSM-5 PTSD-RI -5 scale in patients who have been exposed to traumatic e…,73,0.003994311621531016
NCT05903820,1,-0.004920842214869481,-0.165342286,low,Rhythmic Estradiol and Bone Health | Osteoporosis Risk|Menopause | The goal of this randomized-controlled trial is to compare the effect of rhythmic estrogen treatment to continuous estrogen treatment on bone turnover in healthy postmenopau…,73,0.003994311621531016
NCT06077474,1,0.006997870405718913,0.407474041,high,Validation of the Turkish Version of PTSD-RI-5 | Post-Traumatic Stress Disorder in Children | The aim of this study is to investigate the adaptation and validity of the DSM-5 PTSD-RI -5 scale in patients who have been exposed to traumatic e…,76,0.0035785084322041004
NCT05601531,1,0.006671422808146872,0.100980848,high,"Autologous Tooth Root in Ridge Preservation | Alveolar Ridge Preservation | Use your extracted teeth for routine dental care to make an autologous root slice, cover it in your extraction cavity, and give you Vit.D3 locally with the bone mat…",76,0.0035785084322041004
NCT06336629,1,0.006561994916714866,0.202160135,high,A Study Assessing the Efficacy and Safety of Combined Use of Clascoterone 1% Cream and Duac Gel (Benzoyl Peroxide/Clindamycin) for the Treatment of Acne | Acne Vulgaris | Winlevi is the first topical anti androgen and sebum inhibitor approv…,76,0.0035785084322041004
NCT06991569,1,0.005927245695893361,0.238681734,high,Evaluation for Healing of Iatrogenic Perforation After Non Surgical Repair | Root Perforation at the Bifurcation Area|Strip Perforation|Lateral Perforation | The goal of this retrospective study is to evaluate the outcome of nonsurgical roo…,76,0.0035785084322041004
NCT06068673,1,0.005905735935971279,0.298105776,high,"The Potential Impact of Clindamycin on Neurosurgery Patients. | Neurologic Complication|Neurosurgery | A prospective, open-label, single center, controlled trial. 44 patients that underwent neurosurgery or presented meningitis signs, for wh…",76,0.0035785084322041004
NCT05764317,1,0.005840396731982765,0.213115811,high,"Description of the Effectiveness, Safety, Tolerability and Adherence to Amlodipine/Atorvastatin/Perindopril Single Pill Combination Treatment in Patients With Arterial Hypertension and Dyslipidemia (TARGET) | Arterial Hypertension|HTN | Thi…",76,0.0035785084322041004
NCT06044012,1,0.005685006544591147,0.249187544,high,Buccal Myomucosal Flap and Buccal Pad of Fat for the Closure of Oro-antral Fistula | Oro-Antral Communication | Oroantral fistula (OAF) is a pathological communication between the oral cavity and the maxillary sinus. A variety of surgical t…,76,0.0035785084322041004
NCT06072885,1,0.005645403507332958,0.005053613,high,Evaluation of Perioperative Lung Ultrasound Scores in Laparoscopic Pediatric Surgeries | Postoperative Pulmonary Atelectasis | Laparoscopic surgeries require carbon-dioxide into the abdomen which may occasionally lead to atelectasis. The ex…,76,0.0035785084322041004
NCT05515705,1,-0.01458655063207516,0.198920459,low,"First-in-human Navigation Endoscopic Ultrasound (EUS) System Clinical Study | Pancreatic Disease | The implementation of Echo-endoscopy (or EUS for: Endoscopic UltraSound) is limited by the difficulty of obtaining quality EUS procedures, si…",76,0.0035785084322041004
NCT06930222,1,-0.011400169474318317,0.333672941,low,The Investigation of Predicting Mortality and Morbidity in Patients Admitted to Intensive Care Unit With Thoracic Trauma Using Selected Biomarkers and Parameters | Thorax Traumas | This prospective study aimed to predict morbidity and morta…,76,0.0035785084322041004
NCT06839534,1,-0.010522243823602366,0.335201025,low,Effects of a Structured Maternal Voice Program on Premature Infant Responses and Maternal-Infant Attachment in the Neonatal Intensive Care Unit | Neonatal Intensive Care Unit|PreTerm Neonate|Healthy | This study evaluates the effects of a S…,76,0.0035785084322041004
NCT06202378,1,-0.010016467042512432,0.23113744,low,Safety and Efficacy of SHPL-49 Injection in Participants With Acute Ischemic Stroke | Acute Ischemic Stroke | This study is designed to determine the safety and efficacy of SHPL-49 intravenous infusion for 7 consecutive days in the treatmen…,76,0.0035785084322041004
NCT06122038,1,-0.009948670558696904,0.018362176,low,"Impact of Powdered Tart Cherries on Recovery From Repeated Sprints | Inflammation|Oxidative Stress|Soreness, Muscle|Muscle Damage | The purpose of this study is to evaluate changes in force and power production, soreness, inflammation, and …",76,0.0035785084322041004
NCT05905913,1,-0.009773688492232395,0.305691183,low,FiH Study to Assess Safety and PK of SAD and MAD of ANT3310 Alone and in Combination With Meropenem in Healthy Subjects | Healthy Volunteers | The purpose of this study is to evaluate the safety and tolerability of single and multiple intra…,76,0.0035785084322041004
NCT05803161,1,-0.009339484039214767,0.283438891,low,"Congrong Runtong Oral Liquid in the Treatment of Functional Constipation (Yang-deficiency Type) | Functional Constipation | Using a placebo as a control, this study aims to preliminarily evaluate the clinical efficacy of Congrong Runtong or…",76,0.0035785084322041004
NCT05727436,1,-0.009056951662767005,0.205639765,low,The Effect of Probiotics on Gingivitis | Gingivitis; Chronic | The aim of the study is to assess the effect of oral probiotics containing Streptococcus salivarius M18 on gingivitis and oral hygiene in young adults.,76,0.0035785084322041004
NCT05670977,1,0.023159894345703834,0.042071719,high,Improved Skin Anti-aging Outcomes Associated With Collagen Fortified Consumption In 30 to 50-Year-old Women | Skin Laxity|Skin Lines | The goal of this clinical trial is to study the efficacy of collagen supplement on the moisture content a…,84,0.0035700873683149714
NCT05130983,1,0.021275925705999725,-0.154083833,high,"Study of ExoFlo for the Treatment of Medically Refractory Crohn's Disease | Crohn Disease|Inflammatory Bowel Diseases | Protocol Summary

* Title: A Phase I study of ExoFlo, an ex vivo culture-expanded adult allogeneic bone marrow mesenchym…",84,0.0035700873683149714
NCT03066739,1,0.020017775413139136,-0.062706016,high,"Effect of Ultra-low Dose Naloxone on Remifentanil-Induced Hyperalgesia | Hyperalgesia | The purpose of this study is to evaluate whether using ultra-low dose naloxone, an opioid antagonist, has the potential to block remifentanil-induced hy…",84,0.0035700873683149714
NCT05764317,1,0.019921467390522595,-0.138866857,high,"Description of the Effectiveness, Safety, Tolerability and Adherence to Amlodipine/Atorvastatin/Perindopril Single Pill Combination Treatment in Patients With Arterial Hypertension and Dyslipidemia (TARGET) | Arterial Hypertension|HTN | Thi…",84,0.0035700873683149714
NCT05897411,1,0.018429817679933222,0.076597139,high,"Deconditioning of Acquired Food Aversion | Healthy | Background. Aversive conditioning impairs the rewarding value of a comfort meal.

Our aim is to demonstrate the potential effect of deconditioning to reverse aversive conditioning and res…",84,0.0035700873683149714
NCT05727436,1,0.018087707228010005,-0.103291497,high,The Effect of Probiotics on Gingivitis | Gingivitis; Chronic | The aim of the study is to assess the effect of oral probiotics containing Streptococcus salivarius M18 on gingivitis and oral hygiene in young adults.,84,0.0035700873683149714
NCT05853133,1,0.0159060838365167,0.013386493,high,Evaluation of Postoperative Quality of Recovery Score in Radical Prostatectomy With Erector Spinae Plane Block | Postoperative Pain | Radical prostatectomy is performed with a median incision below the umbilicus. Although the position is su…,84,0.0035700873683149714
NCT06590129,1,0.015739552622978863,0.115299776,high,Functional Recovery and Pain Reduction Post-hydrodissection vs Rehabilitation in Patients With Carpal Tunnel Syndrome (Hydrocarpal) | Carpal Tunnel Syndrome (CTS) | This study pretend to evaluate the effectiveness of hydrodissection vs only…,84,0.0035700873683149714
NCT05596994,1,-0.005957984930478233,0.173527405,low,"7T MRI for Light Therapy in Patients With Mild Cognitive Impairment and Mild AD | Mild Cognitive Impairment|Alzheimer's Disease | The purpose of this research study is to investigate the effect of a light treatment on sleep, memory and brai…",84,0.0035700873683149714
NCT06629870,1,-0.005177928984412574,-0.00185658,low,Dental Anxiety During Restorative Dental Treatment | Hypnotherapy|Virtual Reality|Mindfulness | Anxiety refers to behavioural disorders associated with excessive fear and anxiety. Dental anxiety refers to excessive fear and anxiety at the t…,84,0.0035700873683149714
NCT05890170,1,-0.004838310991030994,0.122778043,low,Patient-reported Outcome Measures After Implant Placement With Contour Augmentation Procedure | Tooth Loss|Bone Graft; Complications|Patient Satisfaction|Patient Acceptance of Health Care | Maintaining the general health and well-being of p…,84,0.0035700873683149714
NCT05905913,1,-0.004764041939583876,-0.008204651,low,FiH Study to Assess Safety and PK of SAD and MAD of ANT3310 Alone and in Combination With Meropenem in Healthy Subjects | Healthy Volunteers | The purpose of this study is to evaluate the safety and tolerability of single and multiple intra…,84,0.0035700873683149714
NCT05755347,1,-0.004712599078711719,0.061687518,low,Assessing Functional Status Needs Via PRO Measures for Pts With Metastatic Breast Cancer | Breast Cancer|Metastasis | The purpose of this single-site non-randomized study is to identify areas of need related to functional status and overall…,84,0.0035700873683149714
NCT06839534,1,-0.00439235738865591,0.131974399,low,Effects of a Structured Maternal Voice Program on Premature Infant Responses and Maternal-Infant Attachment in the Neonatal Intensive Care Unit | Neonatal Intensive Care Unit|PreTerm Neonate|Healthy | This study evaluates the effects of a S…,84,0.0035700873683149714
NCT05940467,1,-0.004344047999697977,0.223712608,low,"Acute Sleep Loss and Arterial Stiffness | Arterial Stiffness | The overarching goal of this study is to mimic a night shift work like schedule and characterize circadian variation in Pulse Wave Velocity (PWV), a measure of arterial stiffnes…",84,0.0035700873683149714
NCT05691829,1,-0.004255127969759087,-0.102416828,low,"Immunotherapy With Non-Ablative Radiation in Previously Untreated Patients With Stage IV NSCLC | NSCLC Stage IV | The purpose of this study is to test if low dose radiation, which is routinely used in treating patients with lung cancer for …",84,0.0035700873683149714
NCT06509282,1,0.011750850369951422,0.017940881,high,"Personalized Concurrent Exercise for Cardiovascular Risk Control and Fitness in Adults | Cardiovascular Syndrome, Metabolic | Aim: To determine the efficacy of a personalized concurrent exercise prescription guide combined with pharmacologi…",120,0.003532999399204142
NCT05596994,1,0.010930282913886914,0.051076911,high,"7T MRI for Light Therapy in Patients With Mild Cognitive Impairment and Mild AD | Mild Cognitive Impairment|Alzheimer's Disease | The purpose of this research study is to investigate the effect of a light treatment on sleep, memory and brai…",120,0.003532999399204142
NCT05833178,1,0.0104034912213001,-0.031494688,high,The Effect of Blood Tests Performed Within the Routine Protocol in the Surgical Intensive Care Unit on Hemoglobin Levels | Anemia | Examination of blood samples is inevitable in intensive care units. Routine blood samples can be an importan…,120,0.003532999399204142
NCT06115044,1,0.01034030260071404,0.03135151,high,"The DINE-Normal Proof-of-concept Study | Critical Illness|Enteral Nutrition|Time Restricted Feeding | Overarching hypothesis In critically ill adults enteral feeding in a diurnal intermittent pattern improves patient centred outcomes.

Rese…",120,0.003532999399204142
NCT05442853,1,0.010247708146348487,-0.074441671,high,"Continuous Glucose Monitoring for Hyperglycemia in Critically Ill Patients | Hyperglycemia|Hypoglycemia|Critical Illness|Diabetes Mellitus | The investigators intend to conduct a single-center, prospective, randomized comparative trial of p…",120,0.003532999399204142
NCT06088017,1,0.010171877896411843,-0.253709644,high,A Clinical Trial to Compare and Evaluate the Safety and Pharmacokinetics of CKD-391(2) | Dyslipidemias | A clinical trial to compare and evaluate the safety and pharmacokinetics of CKD-391(2),120,0.003532999399204142
NCT06839534,1,0.009770221780372594,0.107120894,high,Effects of a Structured Maternal Voice Program on Premature Infant Responses and Maternal-Infant Attachment in the Neonatal Intensive Care Unit | Neonatal Intensive Care Unit|PreTerm Neonate|Healthy | This study evaluates the effects of a S…,120,0.003532999399204142
NCT06126250,1,0.00924323865760016,-0.008110811,high,"Safety and Efficacy of U-Shaped Sonic Toothbrush on Plaque and Gingivitis | Plaque Induced Gingivitis | The goal of this 30 day, randomized, two group, parallel, examiner-blind clinical study is to evaluate the safety and efficacy of AutoBr…",120,0.003532999399204142
NCT06094283,1,-0.02102189039188488,-0.107131183,low,"First in Human Study Evaluating Single Ascending Oral Doses of YCT-529 in Healthy Males | Male Contraception | A single ascending oral dose(s) study to evaluate the safety, tolerability, pharmacokinetics, and pharmacodynamics of YCT-529 in …",120,0.003532999399204142
NCT05836740,1,-0.013478272914699118,-0.077200823,low,"Efficacy and Safety of Minocycline in Patients With Moderate to Severe Acute Ischemic Stroke | Ischemic Stroke, Acute | The aim of this study was to evaluate the efficacy and safety of Minocycline versus placebo in the treatment of patients…",120,0.003532999399204142
NCT05932446,1,-0.0109231596602649,-0.23915723,low,A Study to Compare Two Formulations of LY3819469 in Healthy Participants | Healthy | The main purpose of this study is to assess two formulations of LY3819469 based on the amount that gets into the blood stream and how long it takes the bod…,120,0.003532999399204142
NCT05947981,1,-0.008950463694214933,0.066559881,low,"Pre-operative 5% Dextrose Infusion & PONV | Nausea, Postoperative | With this study, we aim to compare the efficacy of pre-operative dextrose-containing fluid infusion with other fluid for the prevention of PONV in middle ear surgeries.",120,0.003532999399204142
NCT05741385,1,-0.006883103768021783,-0.065739959,low,"A Study to Compare How Different Substances (Caffeine, Warfarin, Omeprazole, Metoprolol, and Midazolam) Are Handled by the Body of Healthy People and People With Liver Cirrhosis | Liver Cirrhosis | This study is open to healthy adults and a…",120,0.003532999399204142
NCT05856071,1,-0.006714150946818336,-0.008658465,low,TEL and Clam Shell Exercises Affect After ACL | Knee Ligament Injury | The purpose of this study to determine the effects of the addition of isolated hip strengthening exercises to traditional rehabilitation after Anterior cruciate ligament…,120,0.003532999399204142
NCT06294756,1,-0.005705431549763489,0.090939745,low,"Sulfureous Water Therapy in Viral Respiratory Diseases | Long-COVID|Post COVID-19 Condition|Chronic COVID-19 Syndrome|Post Acute Sequelae of COVID-19 | The goal of this double-blind, interventional, randomized case-control, pilot trial is t…",120,0.003532999399204142
NCT05819424,1,-0.0052585658937459815,-0.059871189,low,"EpiCor Clinical Study on Rapid Immune Modulating Effects | Immune Surveillance | Clinical verification study evaluating the effects of a nutraceutical product. This study involves thirty participants composed of healthy adults, who will be …",120,0.003532999399204142
NCT06148662,1,0.006338593031696291,-0.224528432,high,The Effect of Oral Sprays on Salivary pH | Oral Health | The aim of the study is to assess the effect of oral foams on salivary pH changes after Coca-cola consumption in young adults.,67,0.0035016656537374936
NCT03066739,1,0.006237784304016713,-0.148094699,high,"Effect of Ultra-low Dose Naloxone on Remifentanil-Induced Hyperalgesia | Hyperalgesia | The purpose of this study is to evaluate whether using ultra-low dose naloxone, an opioid antagonist, has the potential to block remifentanil-induced hy…",67,0.0035016656537374936
NCT05907993,1,0.0061385924775368035,-0.227337182,high,"Ibuprofen Versus Ketorolac For Postoperative Pain Relief After Cesarean Section | Pain, Postoperative | The aim of this study will be to evaluate the effectiveness of intravenous ibuprofen versus intravenous ketorolac for postoperative pain…",67,0.0035016656537374936
NCT06312449,1,0.00555221571740276,-0.468261391,high,"Effect of Peanut Balls Used of the Second Stage of Labor, Pushing Perceptions, Fatigue and Birth Outcomes | Other | This study aims to explore the use of peanut balls during the second stage of labor. It compares three different positions: …",67,0.0035016656537374936
NCT05507190,1,0.005514486383181066,-0.155793488,high,Self-management of Post COVID-19 Syndrome Using Wearable Biometric Technology | COVID-19 | The main objective of this pilot study is to evaluate the impact of a self-management intervention using wearable biometric technology on post-COVID-…,67,0.0035016656537374936
NCT06072885,1,0.005339498503562936,-0.231840447,high,Evaluation of Perioperative Lung Ultrasound Scores in Laparoscopic Pediatric Surgeries | Postoperative Pulmonary Atelectasis | Laparoscopic surgeries require carbon-dioxide into the abdomen which may occasionally lead to atelectasis. The ex…,67,0.0035016656537374936
NCT06094283,1,0.005075297527321254,-0.181628332,high,"First in Human Study Evaluating Single Ascending Oral Doses of YCT-529 in Healthy Males | Male Contraception | A single ascending oral dose(s) study to evaluate the safety, tolerability, pharmacokinetics, and pharmacodynamics of YCT-529 in …",67,0.0035016656537374936
NCT06170476,1,0.005034267677765456,-0.081314519,high,"A Clinical Trial Evaluating the Efficacy and Safety of HSK21542 in PONV | Postoperative Nausea and Vomiting | This is a multicenter, randomized, double-blind, placebo-controlled Dose-Finding study. About 200 subjects undergoing elective lap…",67,0.0035016656537374936
NCT06141577,1,-0.03217830165459191,-0.156600401,low,"A Study to Compare Pharmacokinetics, Pharmacodynamics and Safety of UI059 and UIC202201 in Healthy Subjects | GERD | A randomized, open-label, multiple-dose crossover phase 1 clinical trial to compare and evaluate the safety, pharmacokineti…",67,0.0035016656537374936
NCT05905913,1,-0.027675555448038267,-0.176455349,low,FiH Study to Assess Safety and PK of SAD and MAD of ANT3310 Alone and in Combination With Meropenem in Healthy Subjects | Healthy Volunteers | The purpose of this study is to evaluate the safety and tolerability of single and multiple intra…,67,0.0035016656537374936
NCT06012916,1,-0.025852774670715915,-0.220813468,low,"Brain Network Dynamics of Depression During Esketamine Treatment | Depressive Disorder, Major | This is a monocentric, observational clinical trial investigating the effect of Esketamine on brain network activity and a belief updating task …",67,0.0035016656537374936
NCT06202378,1,-0.022053366576203645,-0.143059865,low,Safety and Efficacy of SHPL-49 Injection in Participants With Acute Ischemic Stroke | Acute Ischemic Stroke | This study is designed to determine the safety and efficacy of SHPL-49 intravenous infusion for 7 consecutive days in the treatmen…,67,0.0035016656537374936
NCT06798025,0,-0.02117438307737757,-0.240811363,low,Three Different Modalities for Treatment of Inflammatory Punctal Stenosis | Modalities|Treatment|Inflammatory Punctal Stenosis | This study aimed to compare the efficacy of three various modalities of treatment of inflammatory punctal steno…,67,0.0035016656537374936
NCT06353308,1,-0.020376619721382667,-0.184332028,low,Effectiveness of an Online Intervention Using a Feminist Approach on Gender Equality Promotion and Sexual Violence Prevention in China | Sexual Violence | This paper presents the findings of a clustered randomized controlled trial (cRCT) th…,67,0.0035016656537374936
NCT05515705,1,-0.01927281057867731,-0.295220673,low,"First-in-human Navigation Endoscopic Ultrasound (EUS) System Clinical Study | Pancreatic Disease | The implementation of Echo-endoscopy (or EUS for: Endoscopic UltraSound) is limited by the difficulty of obtaining quality EUS procedures, si…",67,0.0035016656537374936
NCT06930222,1,-0.018255991048899887,-0.311141849,low,The Investigation of Predicting Mortality and Morbidity in Patients Admitted to Intensive Care Unit With Thoracic Trauma Using Selected Biomarkers and Parameters | Thorax Traumas | This prospective study aimed to predict morbidity and morta…,67,0.0035016656537374936
NCT05422625,1,0.015220182204139975,0.21532838,high,"PTNS for Female Patients Suffering From Multiple Sclerosis | Multiple Sclerosis|Overactive Bladder | This is a pilot, single blind, randomized, sham-controlled trial to assess the benefit of Percutaneous Tibial Nerve Stimulation (PTNS) in t…",9,0.0033682730034430945
NCT05893758,1,0.014344042949511788,0.086200774,high,Lifetech Cera™ PFO Occluder Post-Market Clinical Follow-Up | Patent Foramen Ovale|PFO | The objective of this post-market registry is to assess the clinical use of the Lifetech Cera™ PFO Occluder in a real-world and on-label fashion.,9,0.0033682730034430945
NCT05320419,1,0.012715960781922603,0.155020505,high,The Effect of Amniotic Membrane Injection as An Addition to Physical Therapy in Patients With Rotator Cuff Tear | Rotator Cuff Tear|Rotator Cuff Tendinopathy|Ultrasonography | Rotator cuff tear (RCT) is a commonly seen pathology in shoulder…,9,0.0033682730034430945
NCT05633823,1,0.012715230460354405,0.135598823,high,The Effect of Mobile Application Game Training Designed for Children | Asthma in Children|Life Style|Quality of Life | The aim of this research is to examine the effect of mobile application game training designed for children aged 8-16 yea…,9,0.0033682730034430945
NCT06509048,1,0.01208765249732096,0.202726841,high,"Combined Theta-gamma STN Stimulation for Verbal Fluency in Parkinson Disease | Parkinson Disease | Deep Brain Stimulation (DBS) of the subthalamic nucleus (STN) is an established, effective, and relatively safe therapeutic option for Parkin…",9,0.0033682730034430945
NCT05616832,1,0.012038420717715326,0.186670944,high,How do Psychosocial Factors Relate to Completing a Home Exercise Program for Arm and Hand Recovery in Veteran Stroke Survivors? | Stroke | Research shows that exercising at home can improve arm and hand movement after a stroke. Unfortunatel…,9,0.0033682730034430945
NCT05792800,1,0.01139939938411885,0.114854872,high,"Dental Practitioners KAP Regarding Caries Preventive Measures in Cairo and Riyadah | Tooth Diseases|Caries,Dental | The study aims to evaluate the knowledge, attitude, and practice of dental practitioners from Cairo and Riyadh regarding car…",9,0.0033682730034430945
NCT06071065,1,0.010939316621456783,0.212141231,high,Clinical Pharmacist Intervention on Medication Adherence and Clinical Outcomes in Chronic Kidney Disease Patients | Chronic Kidney Disease | The purpose of this research study is to evaluate the impact of clinical pharmacist interventions o…,9,0.0033682730034430945
NCT06677333,1,-0.01055934009791372,0.16775544,low,The Effect of Increasing Dietary Protein on the Gut Microbiome and Its Metabolites | Health Adults | This study will determine the effect of dietary protein not absorbed in the small intestine on the bacteria in the large intestine and the …,9,0.0033682730034430945
NCT06448728,1,-0.008313335154934976,0.106626756,low,Surgical Outcome Studies in Thoracic Wall Reconstruction With Codubix® Ribs | Thoracic | The aim of this observational study is to analyze the short- and long-term outcome after surgical implantation of the Codubix® Ribs prosthesis in a des…,9,0.0033682730034430945
NCT05963204,1,-0.007927116026227452,0.041393582,low,A Study to Evaluate the Effects for Midface Improvement When Pairing a Biostimulator with a Skincare Regimen | Photodamaged Skin|Volume Deficiency of the Midface | To assess skin structural change in midface after treatment with a biostimul…,9,0.0033682730034430945
NCT03066739,1,-0.006922520664170406,0.242003679,low,"Effect of Ultra-low Dose Naloxone on Remifentanil-Induced Hyperalgesia | Hyperalgesia | The purpose of this study is to evaluate whether using ultra-low dose naloxone, an opioid antagonist, has the potential to block remifentanil-induced hy…",9,0.0033682730034430945
NCT05777265,1,-0.006441121848097282,0.164225221,low,"The Effects of 16-Week Circuit Training in Healthy Women | Healthy Women | The aim of this study is to investigate the effects of 16-week CT on physical fitness parameters, pulmonary function, and quality of life in healthy women.",9,0.0033682730034430945
NCT06294756,1,-0.0063830265966225855,0.228080019,low,"Sulfureous Water Therapy in Viral Respiratory Diseases | Long-COVID|Post COVID-19 Condition|Chronic COVID-19 Syndrome|Post Acute Sequelae of COVID-19 | The goal of this double-blind, interventional, randomized case-control, pilot trial is t…",9,0.0033682730034430945
NCT04077281,1,-0.006250307428320738,0.160169765,low,Improving Medication Prescribing-Related Outcomes for Vulnerable Elderly in Transitions | Patient Discharge|Drug-Related Side Effects and Adverse Reactions|Aged|Health Care Costs | Medication safety is a crucial health issue for every older…,9,0.0033682730034430945
NCT06103695,1,-0.005559554905148616,0.183499932,low,"Vtama in Psoriasis Patients Being Treated With Biologics. | Psoriasis | Open label study to assess 12 weeks of add-on VTAMA® (tapinarof) Cream, 1% QD in patients with ≥3% BSA who have received biologic therapy for at least 24 weeks.",9,0.0033682730034430945
NCT05320419,1,0.00767518030060046,0.12776348,high,The Effect of Amniotic Membrane Injection as An Addition to Physical Therapy in Patients With Rotator Cuff Tear | Rotator Cuff Tear|Rotator Cuff Tendinopathy|Ultrasonography | Rotator cuff tear (RCT) is a commonly seen pathology in shoulder…,30,0.003224800166724477
NCT06077474,1,0.007019144877158396,-0.027419828,high,Validation of the Turkish Version of PTSD-RI-5 | Post-Traumatic Stress Disorder in Children | The aim of this study is to investigate the adaptation and validity of the DSM-5 PTSD-RI -5 scale in patients who have been exposed to traumatic e…,30,0.003224800166724477
NCT05737966,1,0.006943062688785631,-0.043724883,high,"Evaluation of Case Management for First Episode Psychosis Using the PEPsy-CM Checklist | First Episode Psychosis | Psychotic disorders are often chronic conditions that lead to impaired functioning, quality of life and social integration. C…",30,0.003224800166724477
NCT05849441,1,0.006695017978856867,0.006108102,high,"Mindfulness Program for Adolescents With 22q11DS | 22Q11 Deletion Syndrome | The goal of this study is to evaluate the effectiveness of the Aware Program, an online mindfulness education program, with adolescents with 22q11DS and their pare…",30,0.003224800166724477
NCT05515562,1,0.006516800028989565,0.00866055,high,Effects of Intravenous (IV) Omadacycline on Gut Microbiome | Microbial Colonization | Given the clinical need to improve upon current antibiotic regimens for the treatment of C. difficile infection with a particular focus on the impact of t…,30,0.003224800166724477
NCT05805475,1,0.006485331260551845,-0.095556512,high,Tracheal Suctioning With or Without Expiratory Pause Maneuver in Children | Mechanical Ventilation Complication|Pediatric Respiratory Diseases | The purpose of this study is to evaluate the efficacy of tracheal suctioning associate with exp…,30,0.003224800166724477
NCT05808595,1,0.00613350048631105,-0.006136868,high,The Safety and Efficacy of AlphaWave® L-Theanine on Adults Who Experience Moderate Stress on a Regular Basis | Stress | The objective of this study is to evaluate the efficacy of AlphaWave® L-Theanine on stress among adults who experience m…,30,0.003224800166724477
NCT05755347,1,0.0061303426254949046,-0.080514155,high,Assessing Functional Status Needs Via PRO Measures for Pts With Metastatic Breast Cancer | Breast Cancer|Metastasis | The purpose of this single-site non-randomized study is to identify areas of need related to functional status and overall…,30,0.003224800166724477
NCT06045741,1,-0.009640544048745597,0.023413187,low,"Virtual Reality - A New Vision on Pain | Chronic Pain|Pain, Chronic|Musculoskeletal Disorder|Musculoskeletal Pain|Musculoskeletal Diseases or Conditions|Musculoskeletal Neck Pain|Back Pain | The purpose of the project is to investigate if t…",30,0.003224800166724477
NCT06202378,1,-0.009238540713083694,-0.058664799,low,Safety and Efficacy of SHPL-49 Injection in Participants With Acute Ischemic Stroke | Acute Ischemic Stroke | This study is designed to determine the safety and efficacy of SHPL-49 intravenous infusion for 7 consecutive days in the treatmen…,30,0.003224800166724477
NCT05907226,1,-0.00905317632809556,0.064694986,low,"Compare Smokers' Appraisal of Proposed Plain Packs and Existing Cigarette Packs | Health Risk Behaviors|Non Communicable Diseases | 2 Objectives

1. To explore the noticeability of pictorial health warnings and perceptions of attractiveness…",30,0.003224800166724477
NCT05947981,1,-0.008529942562866922,-0.054514572,low,"Pre-operative 5% Dextrose Infusion & PONV | Nausea, Postoperative | With this study, we aim to compare the efficacy of pre-operative dextrose-containing fluid infusion with other fluid for the prevention of PONV in middle ear surgeries.",30,0.003224800166724477
NCT06699940,1,-0.007327772183621164,-0.043783449,low,A Retrospective Study to Evaluate NeuroStar® Advanced Therapy in Adolescents | MDD | To assess the real-world effectiveness of transcranial magnetic stimulation (TMS) for depression in large adolescent and young adult samples.,30,0.003224800166724477
NCT05764317,1,-0.006480667973635263,-0.249485701,low,"Description of the Effectiveness, Safety, Tolerability and Adherence to Amlodipine/Atorvastatin/Perindopril Single Pill Combination Treatment in Patients With Arterial Hypertension and Dyslipidemia (TARGET) | Arterial Hypertension|HTN | Thi…",30,0.003224800166724477
NCT06591637,1,-0.006345440078598585,0.001339828,low,"Fertility Supportive Behavior Education Based On Watson's Theory Of Human Care | Infertility, Female|IVF | Infertile individuals frequently attempt behavioral changes to enhance the effectiveness of their treatment and improve fertility out…",30,0.003224800166724477
NCT06101498,1,-0.005492848758987066,0.000386223,low,Peroperative Fluid Management in Major Gynecological Cancer Surgeries | Fluid Overload|Fluid Loss|Perioperative/Postoperative Complications|Acute Kidney Injury | The aim of this study is to evaluate the effect of perioperative fluid managem…,30,0.003224800166724477
NCT05997654,1,0.007271089401851896,-0.365406752,high,Evaluation of the Safety and Effectiveness of the Investigational Product in Improvement of the Appearance of Wrinkles and General Aspect of the Skin | Skin Aging | The study investigates the safety and effectiveness of SILIMED® brand MEDGE…,59,0.003147192416484586
NCT05987969,1,0.006618109689079574,-0.1716768,high,Efficacy and Safety of the Alena App as a Treatment for Social Anxiety Disorder | Social Anxiety Disorder (Social Phobia)|Social Anxiety|Social Anxiety Disorder | The present study is a randomised controlled trial that seeks to investigate …,59,0.003147192416484586
NCT06496269,1,0.006503333996957963,-0.016429305,high,"Impact of Microvascular Inflammation on Kidney Allograft Outcome | Transplant;Failure,Kidney|Kidney Transplant Rejection | Graft microvascular inflammation poses a significant challenge to successful kidney transplantation due to its hetero…",59,0.003147192416484586
NCT06030999,1,0.006240335425434296,-0.188531697,high,The Prevention And Treatment On Obesity And Weight Management By Oral Supplementation Of Probiotics And Prebiotics | Overweight and Obesity | The goal of this interventional study is to test whether consumption of Wonderlab probiotics with …,59,0.003147192416484586
NCT05814029,1,0.005858522113594517,-0.172687009,high,"Different Mobilization Techniques on Balance, Gait, Jumping and Foot Plantar Pressure | Dorsiflexion Deformity of Foot | Adequate ankle dorsiflexion range of motion is important for normal performance of functional activities such as walkin…",59,0.003147192416484586
NCT03825965,1,0.005802831848509413,-0.156569049,high,"Cannabinoids vs. Placebo on Persistent Post-surgical Pain Following TKA: A Pilot RCT | Knee Osteoarthritis | Each year, approximately 75,000 Canadians undergo knee replacement surgery, and up to 25% develop persistent post-surgical pain. Pe…",59,0.003147192416484586
NCT06666959,1,0.005464765479923699,-0.084589064,high,Sevoflurane Versus Propofol in Endovascular Coiling of Cerebral Aneurysm | Propofol|Sevoflurane | The goal of this observational study is to learn about the anti-inflammatory effects of anesthetics on patients undergoing endovascular coilin…,59,0.003147192416484586
NCT06509282,1,0.0054375613313573015,-0.206955433,high,"Personalized Concurrent Exercise for Cardiovascular Risk Control and Fitness in Adults | Cardiovascular Syndrome, Metabolic | Aim: To determine the efficacy of a personalized concurrent exercise prescription guide combined with pharmacologi…",59,0.003147192416484586
NCT06310083,1,-0.009777102193550036,-0.155578688,low,Endoscopic Submucosal Resection Turbinoplasty VS Turbinectomy | Turbinate; Hypertrophy Mucous Membrane | The aim of our study is to compare endoscopic submucosal resection Turbinoplasty and partial inferior turbinectomy regarding clinical a…,59,0.003147192416484586
NCT05902546,1,-0.009132674377631246,-0.115274131,low,Effect of HIIT Vs Moderate Intensity Aerobic Exercise on Insulin Resistance in Type 2 DM | Diabetes Mellitus|Insulin Resistance | Comparing between the efficacy of high intensity interval training and moderate intensity aerobic exercises on…,59,0.003147192416484586
NCT06072885,1,-0.008810780869778228,-0.275241822,low,Evaluation of Perioperative Lung Ultrasound Scores in Laparoscopic Pediatric Surgeries | Postoperative Pulmonary Atelectasis | Laparoscopic surgeries require carbon-dioxide into the abdomen which may occasionally lead to atelectasis. The ex…,59,0.003147192416484586
NCT05993624,1,-0.008122742899620334,0.056866895,low,The Effect of Exergame Games on Geriatric Individuals With Kinesiophobia | Geriatric|Kinesiophobia | The study included 15 geriatric individuals over the age of 65 staying in Kızılay Zeynep Nedim Oyvar Nursing Home and Elderly Nursing Home.…,59,0.003147192416484586
NCT05972512,1,-0.007631230177285033,-0.302389205,low,"A Clinical Study to Assess the Safety and Effectiveness of Plant-based Biotin and Plant Based Biotin with Silica in Healthy Human Subjects with Complaints of Hair Fall, Thin, Dry, & Brittle Hair, and Dry Skin | Hair Falling|Thin Hair|Dry Ha…",59,0.003147192416484586
NCT05740982,0,-0.00733540961088238,-0.26985997,low,"A Phase 2 Randomized Multisite Trial to Inform Public Health Strategies Involving the Use of MVA-BN Vaccine for Mpox | Monkeypox | This study is a Phase 2 open-label, non-placebo controlled, multi-site clinical trial that will evaluate the …",59,0.003147192416484586
NCT06336629,1,-0.007284336287571022,-0.387602895,low,A Study Assessing the Efficacy and Safety of Combined Use of Clascoterone 1% Cream and Duac Gel (Benzoyl Peroxide/Clindamycin) for the Treatment of Acne | Acne Vulgaris | Winlevi is the first topical anti androgen and sebum inhibitor approv…,59,0.003147192416484586
NCT06993467,1,-0.007079734408060858,-0.141976997,low,"Oxygen Delivery During Cardiopulmonary Bypass And Inflammatory Reaction After Cardiac Surgery | Cardiopulmonary Bypass|Cardiac Surgery|Systemic Inflammatory Response Syndrome (SIRS) | Cardiac surgery, especially when involving cardiopulmona…",59,0.003147192416484586
NCT05737966,1,0.005460925213271821,0.018480917,high,"Evaluation of Case Management for First Episode Psychosis Using the PEPsy-CM Checklist | First Episode Psychosis | Psychotic disorders are often chronic conditions that lead to impaired functioning, quality of life and social integration. C…",101,0.0031310803835191132
NCT05833178,1,0.005047896723262966,0.08524996,high,The Effect of Blood Tests Performed Within the Routine Protocol in the Surgical Intensive Care Unit on Hemoglobin Levels | Anemia | Examination of blood samples is inevitable in intensive care units. Routine blood samples can be an importan…,101,0.0031310803835191132
NCT05501548,0,0.005036361652112191,0.103242382,high,Phase II Study of PARP Inhibitor Olaparib and IV Ascorbate in Castration Resistant Prostate Cancer | Prostate Cancer|Castration-resistant Prostate Cancer | This is a study to evaluate the safety and clinical activity of the combination of o…,101,0.0031310803835191132
NCT05987969,1,0.004733241868989353,0.159339949,high,Efficacy and Safety of the Alena App as a Treatment for Social Anxiety Disorder | Social Anxiety Disorder (Social Phobia)|Social Anxiety|Social Anxiety Disorder | The present study is a randomised controlled trial that seeks to investigate …,101,0.0031310803835191132
NCT05932238,1,0.004378213647205484,-0.051302552,high,Systane® Hydration PF and Systane® Hydration Preserved | Dry Eye | The purpose of this post-market clinical follow-up (PMCF) study is to assess the performance and safety of Systane Hydration Preservative Free (PF) in subjects experiencing …,101,0.0031310803835191132
NCT06105086,1,0.004330094983798744,0.239011645,high,Risk Analysis Interview IVDR 2023 | Risk Variables | The objective of this research project is to design a risk-based model to decide when clinical performance studies should be performed on in-house developed in vitro diagnostic tests (IH-…,101,0.0031310803835191132
NCT07008079,1,0.004144861056438458,0.35746634,high,Flapless Mini-incision Implant Surgery | IMPLANTATION|Dental Implant|Dental Implant Placement|Peri-Implant Tissues | evaluate the clinical efficacy of the flapless mini-incision method compared to conventional flap and flapless punch method…,101,0.0031310803835191132
NCT06025669,1,0.0039150919302460355,-0.027978519,high,"Effects of Nap Restriction on Preschoolers' Empathy, Prosocial Behaviors and Executive Function | Sleep Restriction | Cross-sectional evidences suggest a relationship between early childhood sleep and cognitive as well as socio-emotional fu…",101,0.0031310803835191132
NCT06590129,1,-0.010737037014498583,-0.002385549,low,Functional Recovery and Pain Reduction Post-hydrodissection vs Rehabilitation in Patients With Carpal Tunnel Syndrome (Hydrocarpal) | Carpal Tunnel Syndrome (CTS) | This study pretend to evaluate the effectiveness of hydrodissection vs only…,101,0.0031310803835191132
NCT05808595,1,-0.010244934410950464,0.017320609,low,The Safety and Efficacy of AlphaWave® L-Theanine on Adults Who Experience Moderate Stress on a Regular Basis | Stress | The objective of this study is to evaluate the efficacy of AlphaWave® L-Theanine on stress among adults who experience m…,101,0.0031310803835191132
NCT05770284,1,-0.00966798326152002,0.044368375,low,"Effect of Exercise Based Regimen on Frailty in Children With Liver Disease | Liver Diseases | Frailty is now a well-known complication of liver disease and various studies, including pediatric literature studies, have recognized it as a poo…",101,0.0031310803835191132
NCT06000072,1,-0.009574590854058443,-0.053256288,low,Comparison of Tele-rehabilitation or Video-Based Core Exercises in Individuals With Axial Spondyloarthritis | Axial Spondyloarthritis|Telerehabilitation|Exercise | Exercise is a core treatment method in the management of Axial Spondyloarthr…,101,0.0031310803835191132
NCT06629870,1,-0.009321757294890176,0.186184168,low,Dental Anxiety During Restorative Dental Treatment | Hypnotherapy|Virtual Reality|Mindfulness | Anxiety refers to behavioural disorders associated with excessive fear and anxiety. Dental anxiety refers to excessive fear and anxiety at the t…,101,0.0031310803835191132
NCT06496269,1,-0.00881120110260781,0.21350497,low,"Impact of Microvascular Inflammation on Kidney Allograft Outcome | Transplant;Failure,Kidney|Kidney Transplant Rejection | Graft microvascular inflammation poses a significant challenge to successful kidney transplantation due to its hetero…",101,0.0031310803835191132
NCT06543160,1,-0.008790595032510283,0.167401761,low,"Immediate Skin-To-Skin Contact and Early Breastfeeding During Caesarean Section | Neonatal Hypoglycemia | Background: Neonatal hypoglycemia is a prevalent and serious condition among late preterm and term infants, which can lead to severe n…",101,0.0031310803835191132
NCT06073405,1,-0.008552676703498036,0.089392446,low,Colonic Polyp Size Measurement With Artificial Intelligence | Colon Polyp|Artificial Intelligence | Primary objective of the study is to evaluate if the novel virtual polyp sizing tool accuracy in determining the size class of polyps among …,101,0.0031310803835191132
NCT05897671,1,0.0066787192139941,-0.39856863,high,Foveal Sparing ILM Peeling With ILM Flap Transposition | Full Thickness Macular Hole | Foveal sparing internal limiting membrane (ILM) peeling with ILM flap transposition over the macular hole combines the benefits of foveal sparing ILM pee…,56,0.0029643901593650974
NCT05711290,1,0.006265589630147588,-0.205960512,high,"Oxygen Nanobubble Drink Impact on Exercise in Pulmonary Fibrosis | Pulmonary Fibrosis | Approximately 1 in 5 (or 12.7 million adults) in the UK have longstanding respiratory illnesses, and 6.5 million patients report taking prescription med…",56,0.0029643901593650974
NCT05986175,1,0.005554873627215784,-0.134832367,high,"The Effect of Motor Imagery Training in Addition to Core Stabilization Exercises on Core Performance, Balance, Functional Capacity, and Quality of Life in Healthy Adolescents Girls | Adolescent | Adolescence is the period in which a person …",56,0.0029643901593650974
NCT06077474,1,0.005486747783334067,-0.247601792,high,Validation of the Turkish Version of PTSD-RI-5 | Post-Traumatic Stress Disorder in Children | The aim of this study is to investigate the adaptation and validity of the DSM-5 PTSD-RI -5 scale in patients who have been exposed to traumatic e…,56,0.0029643901593650974
NCT05852470,1,0.005185788160647462,-0.326843143,high,Evaluation of Clareon Vivity/Vivity Toric | Aphakia | This study seeks to generate clinical data from subjects previously implanted with the Clareon Vivity/Vivity Toric Intraocular Lenses (IOLs) or Clareon Monofocal/Clareon Toric IOLs. This…,56,0.0029643901593650974
NCT05731102,1,0.005141727958721276,-0.208406106,high,Diagnostic Survey of Mental and Substance Use Disorders Among Norwegian College and University Students | Mental Disorders|Substance Use Disorders|Treatment|Participation | The aims of this observational survey are to 1) collect data on the…,56,0.0029643901593650974
NCT05948098,1,0.004726839786580967,-0.383854389,high,"Facilitated Tucking Position, Gentle Human Touch Practices and Pain | Pain|Premature | This prospective study is planned as a randomized controlled study to evaluate the effect of facilitated tucking position and gentle human touch practice…",56,0.0029643901593650974
NCT06072885,1,0.004614969288800239,-0.326902241,high,Evaluation of Perioperative Lung Ultrasound Scores in Laparoscopic Pediatric Surgeries | Postoperative Pulmonary Atelectasis | Laparoscopic surgeries require carbon-dioxide into the abdomen which may occasionally lead to atelectasis. The ex…,56,0.0029643901593650974
NCT06068673,1,-0.018090928297076515,-0.129163489,low,"The Potential Impact of Clindamycin on Neurosurgery Patients. | Neurologic Complication|Neurosurgery | A prospective, open-label, single center, controlled trial. 44 patients that underwent neurosurgery or presented meningitis signs, for wh…",56,0.0029643901593650974
NCT04286022,1,-0.01524305847896585,-0.173169106,low,Specific Neurotechnical Strength Training (NeuroTraining) | Neuromuscular Adaptations | This study aims to apply a novel study methodology using high density electromyography (HDEMG) to know what are the mechanisms underlying the structural…,56,0.0029643901593650974
NCT06543160,1,-0.012604433953165427,-0.320915192,low,"Immediate Skin-To-Skin Contact and Early Breastfeeding During Caesarean Section | Neonatal Hypoglycemia | Background: Neonatal hypoglycemia is a prevalent and serious condition among late preterm and term infants, which can lead to severe n…",56,0.0029643901593650974
NCT06294535,1,-0.011454532866310955,-0.260748804,low,"The Accuracy of Reconstruction of Orbital Walls Fracture Using Prebent Mesh Versus Patient Specific Implant | Orbital Fractures | under GA, incision to access to orbital walls. Then insertion of prebent titanium mesh or customized titanium …",56,0.0029643901593650974
NCT05707195,1,-0.010590657552833704,-0.158666879,low,"Learning Excellence Program and Improvement of Quality Care | Satisfaction, Patient | Improving the quality of care is a daily goal in pediatric intensive care units. Measuring patient and family satisfaction is recognized as an indicator o…",56,0.0029643901593650974
NCT05764317,1,-0.010143532343772677,-0.118091434,low,"Description of the Effectiveness, Safety, Tolerability and Adherence to Amlodipine/Atorvastatin/Perindopril Single Pill Combination Treatment in Patients With Arterial Hypertension and Dyslipidemia (TARGET) | Arterial Hypertension|HTN | Thi…",56,0.0029643901593650974
NCT06827106,1,-0.009986926423298428,-0.327735752,low,"Dose-Quality Study in the Temporal Bone Computed Tomography in Routine Care | Normal CT Scan|Dysplasic Disease|Tumoral Disease|Infectious Disease | Because of the complexity of the structures studied, imaging the temporal bone requires comp…",56,0.0029643901593650974
NCT05442853,1,-0.009067093534720244,-0.272601783,low,"Continuous Glucose Monitoring for Hyperglycemia in Critically Ill Patients | Hyperglycemia|Hypoglycemia|Critical Illness|Diabetes Mellitus | The investigators intend to conduct a single-center, prospective, randomized comparative trial of p…",56,0.0029643901593650974
NCT06784128,1,0.014046583264262153,-0.465530604,high,Impact of TECAR Therapy on Pain and Function in Adhesive Capsulitis: | Adhesive Capsulitis | Transfer Energy Capacitive and Resistive (TECAR) therapy is a heat therapy method that increases blood circulation at the microscopic level by gene…,91,0.002872984174815502
NCT05320419,1,0.01336298972865393,-0.359567881,high,The Effect of Amniotic Membrane Injection as An Addition to Physical Therapy in Patients With Rotator Cuff Tear | Rotator Cuff Tear|Rotator Cuff Tendinopathy|Ultrasonography | Rotator cuff tear (RCT) is a commonly seen pathology in shoulder…,91,0.002872984174815502
NCT05422625,1,0.013346375229068598,-0.222927719,high,"PTNS for Female Patients Suffering From Multiple Sclerosis | Multiple Sclerosis|Overactive Bladder | This is a pilot, single blind, randomized, sham-controlled trial to assess the benefit of Percutaneous Tibial Nerve Stimulation (PTNS) in t…",91,0.002872984174815502
NCT05972512,1,0.012908751012535049,-0.191682443,high,"A Clinical Study to Assess the Safety and Effectiveness of Plant-based Biotin and Plant Based Biotin with Silica in Healthy Human Subjects with Complaints of Hair Fall, Thin, Dry, & Brittle Hair, and Dry Skin | Hair Falling|Thin Hair|Dry Ha…",91,0.002872984174815502
NCT05952089,1,0.012046248353019564,-0.161015093,high,"A Study to Assess the Effect of Danicamtiv on the Drug Levels of Midazolam in Participants With Stable Heart Failure | Heart Failure With Reduced Ejection Fraction | The purpose of this study is assess the effect of danicamtiv, as an induce…",91,0.002872984174815502
NCT05731102,1,0.011944761641873356,-0.2207416,high,Diagnostic Survey of Mental and Substance Use Disorders Among Norwegian College and University Students | Mental Disorders|Substance Use Disorders|Treatment|Participation | The aims of this observational survey are to 1) collect data on the…,91,0.002872984174815502
NCT05849441,1,0.011735358253145024,-0.292855859,high,"Mindfulness Program for Adolescents With 22q11DS | 22Q11 Deletion Syndrome | The goal of this study is to evaluate the effectiveness of the Aware Program, an online mindfulness education program, with adolescents with 22q11DS and their pare…",91,0.002872984174815502
NCT06162507,1,0.011511948830095662,-0.306986928,high,"Study of CM310 in Children Subjects With Moderate-to-severe Atopic Dermatis | Atopic Dermatitis | This is a multi-center, single arm, open-label study to evaluate safety in children patients with moderate-to severe atopic dermatis.",91,0.002872984174815502
NCT05890170,1,-0.0048216740838961415,-0.114239931,low,Patient-reported Outcome Measures After Implant Placement With Contour Augmentation Procedure | Tooth Loss|Bone Graft; Complications|Patient Satisfaction|Patient Acceptance of Health Care | Maintaining the general health and well-being of p…,91,0.002872984174815502
NCT06047145,1,-0.004537750632616735,-0.228552967,low,"Evaluation of Soy Isoflavones on Skin Ageing Parameters | Skin Ageing | This double-blind, placebo-controlled, randomised pilot trial aims to assess the effect of oral soy isoflavone consumption on skin ageing parameters in post-menopausal …",91,0.002872984174815502
NCT06971536,1,-0.004332738775887606,-0.036264881,low,Safety and Bioavailability of Micellar Green Tea Extract | Bioavailability and Pharmacokinetics|Safety | This study seeks to determine the short-term effects of daily oral supplementation of LipoMicel Green Tea on oral absorption and safety…,91,0.002872984174815502
NCT06496269,1,-0.004191112295687844,-0.146790072,low,"Impact of Microvascular Inflammation on Kidney Allograft Outcome | Transplant;Failure,Kidney|Kidney Transplant Rejection | Graft microvascular inflammation poses a significant challenge to successful kidney transplantation due to its hetero…",91,0.002872984174815502
NCT05819424,1,-0.003818688631654368,-0.018770941,low,"EpiCor Clinical Study on Rapid Immune Modulating Effects | Immune Surveillance | Clinical verification study evaluating the effects of a nutraceutical product. This study involves thirty participants composed of healthy adults, who will be …",91,0.002872984174815502
NCT05987969,1,-0.003720694374851519,-0.342961699,low,Efficacy and Safety of the Alena App as a Treatment for Social Anxiety Disorder | Social Anxiety Disorder (Social Phobia)|Social Anxiety|Social Anxiety Disorder | The present study is a randomised controlled trial that seeks to investigate …,91,0.002872984174815502
NCT06591637,1,-0.0037085786017610188,-0.208074376,low,"Fertility Supportive Behavior Education Based On Watson's Theory Of Human Care | Infertility, Female|IVF | Infertile individuals frequently attempt behavioral changes to enhance the effectiveness of their treatment and improve fertility out…",91,0.002872984174815502
NCT05991960,1,-0.0036768773800372402,-0.166031271,low,"Evaluation of Real-World Data on the Performance of the TECNIS Odyssey™ IOL | Cataracts | Retrospective collection of data from medical records, multicenter, post-market clinical follow-up study.",91,0.002872984174815502
NCT06112899,1,0.008356235970845774,0.027495326,high,The Effects of Swedish Massage and Manual Lymph Drainage on Muscle Fatigue | Muscle Soreness | 12 healthy men aged 18-30 will be included in the study. Participants will be selected from students who regularly train and do active sports at …,36,0.0028251903019892717
NCT06764901,1,0.007655755621310618,0.15347892,high,Scalable Technology for Online Prevention of Child Sexual Abuse (CSA) and CSA Materials | Sexual Behavior|Child Sexual Abuse Material (CSAM) Consumption|Behavioural Disorder|Behavior Problems|Online Behaviour | 1. Summary The STOP-CSAM Stud…,36,0.0028251903019892717
NCT06053632,1,0.0060609118465481514,-0.093677439,high,"Young Age Soccer Player's Lower Limb Muscle Imbalance and Functional Status | Healthy | A randomized controlled trial is designed to examine the effects of low-load and high-velocity eccentric exercises on lower limb muscular properties, im…",36,0.0028251903019892717
NCT06148662,1,0.005995927502162886,0.143581077,high,The Effect of Oral Sprays on Salivary pH | Oral Health | The aim of the study is to assess the effect of oral foams on salivary pH changes after Coca-cola consumption in young adults.,36,0.0028251903019892717
NCT06084650,1,0.0059731312970734505,0.099791296,high,Optical Coherence Tomography (OCT) and OCT Angiography(OCTA) Deep Learning in Waldenström's Macroglobulinemia Patients | Waldenstrom Macroglobulinemia | This study evaluates the ability of deep learning to improve the knowledge about struct…,36,0.0028251903019892717
NCT05702840,1,0.005845615197840743,-0.000645522,high,"EXerCise wEight Loss | Overweight and Obesity | The overall aim of this study is to investigate the effects of home-based resistance exercise programme on changes in body composition and strength during weight loss, in people living with ob…",36,0.0028251903019892717
NCT05670977,1,0.00579905598239975,0.23997198,high,Improved Skin Anti-aging Outcomes Associated With Collagen Fortified Consumption In 30 to 50-Year-old Women | Skin Laxity|Skin Lines | The goal of this clinical trial is to study the efficacy of collagen supplement on the moisture content a…,36,0.0028251903019892717
NCT05494359,1,0.005725776994152057,0.269699216,high,The Diagnostic Value of Nitrogen Element (N) in Esophagus Cancer | Esophageal Cancer | The purpose of this study is to determine the diagnostic value of various nitrogen components in oral gas for esophagus cancer (ESCA) .,36,0.0028251903019892717
NCT06699940,1,-0.006281341868532309,0.153662667,low,A Retrospective Study to Evaluate NeuroStar® Advanced Therapy in Adolescents | MDD | To assess the real-world effectiveness of transcranial magnetic stimulation (TMS) for depression in large adolescent and young adult samples.,36,0.0028251903019892717
NCT05993624,1,-0.0061885370091067675,-0.084321782,low,The Effect of Exergame Games on Geriatric Individuals With Kinesiophobia | Geriatric|Kinesiophobia | The study included 15 geriatric individuals over the age of 65 staying in Kızılay Zeynep Nedim Oyvar Nursing Home and Elderly Nursing Home.…,36,0.0028251903019892717
NCT05819424,1,-0.005868758938463543,0.020127472,low,"EpiCor Clinical Study on Rapid Immune Modulating Effects | Immune Surveillance | Clinical verification study evaluating the effects of a nutraceutical product. This study involves thirty participants composed of healthy adults, who will be …",36,0.0028251903019892717
NCT06047145,1,-0.005846662888407081,0.14993681,low,"Evaluation of Soy Isoflavones on Skin Ageing Parameters | Skin Ageing | This double-blind, placebo-controlled, randomised pilot trial aims to assess the effect of oral soy isoflavone consumption on skin ageing parameters in post-menopausal …",36,0.0028251903019892717
NCT05568381,1,-0.005575335409223499,0.109673642,low,Sleep Disturbance in MCI: A Study of a Cognitive Behavioural Therapy Digital Intervention | Cognitive Dysfunction|Insomnia|Mild Cognitive Impairment|Cognitive Disorder|Sleep Wake Disorders | This study aims to determine the feasibility of a…,36,0.0028251903019892717
NCT06957951,1,-0.0055223062165055126,0.09515655,low,"Effectiveness of WBV-Supported Core Training on Lumbar Disc Herniation | Lumbar Disc Herniation|Low Back Pain | ""This randomized controlled trial investigated the effects of conventional physiotherapy, core stabilization exercises, and WBV-…",36,0.0028251903019892717
NCT05792800,1,-0.005417083848010975,0.037851192,low,"Dental Practitioners KAP Regarding Caries Preventive Measures in Cairo and Riyadah | Tooth Diseases|Caries,Dental | The study aims to evaluate the knowledge, attitude, and practice of dental practitioners from Cairo and Riyadh regarding car…",36,0.0028251903019892717
NCT05793125,1,-0.005400419593556762,0.159637555,low,Pulmonary Artery Doppler And Neonatal Outcome In Hypertensive Disorders Of Pregnancy | Hypertension in Pregnancy | To correlate fetal Pulmonary artery Doppler parameters with neonatal outcome in patients diagnosed with hypertensive disorder…,36,0.0028251903019892717
NCT05740982,0,0.017744158896837236,0.180238262,high,"A Phase 2 Randomized Multisite Trial to Inform Public Health Strategies Involving the Use of MVA-BN Vaccine for Mpox | Monkeypox | This study is a Phase 2 open-label, non-placebo controlled, multi-site clinical trial that will evaluate the …",52,0.002817568406159618
NCT05875662,1,0.017335251481524663,0.275767893,high,"Pulmonary Ventilation After Fiberoptic Bronchoscopy Using EIT | Bronchoscopy|Atelectasis|Mechanical Ventilation | Background: Fiber bronchoscopy is a routine operation in intensive care unit (ICU), but it may cause local collapse of the lun…",52,0.002817568406159618
NCT05973695,1,0.016986825260919432,0.448761284,high,"Effects of Clamshell Versus Gluteal Bridge Exercises | Lower Crossed Syndrome | Gluteal amnesia is a ""condition"" where the individual is believed to have lost the ability to contract their gluteal muscles - generally the gluteus maximus, th…",52,0.002817568406159618
NCT05707351,1,0.01591149836978502,0.107254781,high,A Study of Adynovate in Previously Treated Chinese Teenagers and Adults With Severe Hemophilia A | Hemophilia A | The main aim of the study is to determine how well Adynovate works to decrease bleeding in previously treated Chinese men and …,52,0.002817568406159618
NCT06030999,1,0.014505987205723159,0.323761553,high,The Prevention And Treatment On Obesity And Weight Management By Oral Supplementation Of Probiotics And Prebiotics | Overweight and Obesity | The goal of this interventional study is to test whether consumption of Wonderlab probiotics with …,52,0.002817568406159618
NCT05894356,1,0.013845880942462828,0.243929222,high,"The Paternal Clock: Uncovering the Consequences of Advanced Paternal Age on Sperm DNA Fragmentation | Infertility, Male | Sperm DNA fragmentation (SDF) serves as a marker for chromatin and DNA damage in sperm. Assessing sperm DNA integrity …",52,0.002817568406159618
NCT03825965,1,0.013291478298124276,0.322761655,high,"Cannabinoids vs. Placebo on Persistent Post-surgical Pain Following TKA: A Pilot RCT | Knee Osteoarthritis | Each year, approximately 75,000 Canadians undergo knee replacement surgery, and up to 25% develop persistent post-surgical pain. Pe…",52,0.002817568406159618
NCT05603481,1,0.012418585769687525,0.397973597,high,"CGM in Patients With ED's | Anorexia Nervosa Restricting Type|Anorexia Nervosa, Binge Eating/Purging Type|ARFID|Avoidant Restrictive Food Intake Disorder | To determine the accuracy of continuous glucose monitoring (CGM) with point of care …",52,0.002817568406159618
NCT06606132,1,-0.005082716279621309,0.509713292,low,"Effects of Immersive Virtual Reality on Quality of Life, Stress, Anxiety, Depression and Grip Strength in Fibromyalgia: A Pilot Study | Fibromyalgia (FM) | The aim of this pilot study is to determine the effectiveness of an exercise program…",52,0.002817568406159618
NCT05987969,1,-0.004733890494167099,0.260052472,low,Efficacy and Safety of the Alena App as a Treatment for Social Anxiety Disorder | Social Anxiety Disorder (Social Phobia)|Social Anxiety|Social Anxiety Disorder | The present study is a randomised controlled trial that seeks to investigate …,52,0.002817568406159618
NCT06108570,1,-0.004495854878016416,0.124494553,low,"Evaluation of the Efficacy of TOPIALYSE Baume Protect+ on Atopic Dermatis | Atopic Dermatitis | The purpose of this study is to evaluate the efficacy and tolerability of a SVR care product.

As we know, atopic dermatitis is a vicious circle…",52,0.002817568406159618
NCT05855837,1,-0.004441967772404496,0.406726778,low,"Appetite Responses to Cereal Products | Satisfaction, Consumer | The purpose of this clinical trial is to investigate appetite responses to 2 cereal products in healthy adults.",52,0.002817568406159618
NCT06025526,0,-0.004379154754381034,0.400411457,low,Effectiveness of the Aktivplan Digital Intervention (ACTIVE-CaRe Pilot) | Cardiac Rehabilitation|Secondary Prevention|Cardiovascular Diseases | The goal of this clinical pilot / feasibility study is to determine the feasibility of conductin…,52,0.002817568406159618
NCT06126250,1,-0.004122116014668791,-0.03335052,low,"Safety and Efficacy of U-Shaped Sonic Toothbrush on Plaque and Gingivitis | Plaque Induced Gingivitis | The goal of this 30 day, randomized, two group, parallel, examiner-blind clinical study is to evaluate the safety and efficacy of AutoBr…",52,0.002817568406159618
NCT06045741,1,-0.004031050970850174,0.570939302,low,"Virtual Reality - A New Vision on Pain | Chronic Pain|Pain, Chronic|Musculoskeletal Disorder|Musculoskeletal Pain|Musculoskeletal Diseases or Conditions|Musculoskeletal Neck Pain|Back Pain | The purpose of the project is to investigate if t…",52,0.002817568406159618
NCT05831644,1,-0.00379490430996384,0.196372256,low,"A Trial to Evaluate the Effect of C21 on Endothelial Dysfunction in Subjects With Type 2 Diabetes | Type2diabetes|Endothelial Dysfunction | This trial is a single-centre, randomized, double-blind, placebo-controlled, 2-way cross-over phase …",52,0.002817568406159618
NCT06032871,1,0.005121962452690241,0.038050659,high,Comparisons of Two Airway Clearance Techniques | Airway Clearance Impairment | The goal of this clinical trial is to compare the effectiveness of two airway clearance techniques for patients with ventilator associated pneumonia. The main qu…,96,0.002697199121825989
NCT05711290,1,0.004979645161761255,0.083760865,high,"Oxygen Nanobubble Drink Impact on Exercise in Pulmonary Fibrosis | Pulmonary Fibrosis | Approximately 1 in 5 (or 12.7 million adults) in the UK have longstanding respiratory illnesses, and 6.5 million patients report taking prescription med…",96,0.002697199121825989
NCT06084650,1,0.004950556086819801,-0.169776335,high,Optical Coherence Tomography (OCT) and OCT Angiography(OCTA) Deep Learning in Waldenström's Macroglobulinemia Patients | Waldenstrom Macroglobulinemia | This study evaluates the ability of deep learning to improve the knowledge about struct…,96,0.002697199121825989
NCT05982639,1,0.004822187882334674,0.018999463,high,"Comparative Analysis of the Lung Inflammatory Response After Thoracic Surgery With Single or Double Lung Ventilation: a Randomized, Pilot, Trial | Thoracic Diseases|Surgery | The goal of this clinical trial is to compare in patients undergo…",96,0.002697199121825989
NCT05792800,1,0.00464331892501832,-0.091959409,high,"Dental Practitioners KAP Regarding Caries Preventive Measures in Cairo and Riyadah | Tooth Diseases|Caries,Dental | The study aims to evaluate the knowledge, attitude, and practice of dental practitioners from Cairo and Riyadh regarding car…",96,0.002697199121825989
NCT05422625,1,0.004570615065176753,-0.212985665,high,"PTNS for Female Patients Suffering From Multiple Sclerosis | Multiple Sclerosis|Overactive Bladder | This is a pilot, single blind, randomized, sham-controlled trial to assess the benefit of Percutaneous Tibial Nerve Stimulation (PTNS) in t…",96,0.002697199121825989
NCT05986175,1,0.004542086382766684,-0.204748988,high,"The Effect of Motor Imagery Training in Addition to Core Stabilization Exercises on Core Performance, Balance, Functional Capacity, and Quality of Life in Healthy Adolescents Girls | Adolescent | Adolescence is the period in which a person …",96,0.002697199121825989
NCT06336629,1,0.00396084057277676,-0.28372702,high,A Study Assessing the Efficacy and Safety of Combined Use of Clascoterone 1% Cream and Duac Gel (Benzoyl Peroxide/Clindamycin) for the Treatment of Acne | Acne Vulgaris | Winlevi is the first topical anti androgen and sebum inhibitor approv…,96,0.002697199121825989
NCT05897411,1,-0.01012855589757919,-0.119908668,low,"Deconditioning of Acquired Food Aversion | Healthy | Background. Aversive conditioning impairs the rewarding value of a comfort meal.

Our aim is to demonstrate the potential effect of deconditioning to reverse aversive conditioning and res…",96,0.002697199121825989
NCT06198192,1,-0.009063077748372735,-0.06496717,low,Effects of Pilates Exercises on Hearing Impairment Children | Hearing Impaired Children | This study will determine the effects of Pilates exercises on static and dynamic balance in children with hearing impairment. Children with hearing im…,96,0.002697199121825989
NCT06112899,1,-0.008863623658678535,-0.179781318,low,The Effects of Swedish Massage and Manual Lymph Drainage on Muscle Fatigue | Muscle Soreness | 12 healthy men aged 18-30 will be included in the study. Participants will be selected from students who regularly train and do active sports at …,96,0.002697199121825989
NCT06496269,1,-0.008605716560899736,-0.159418419,low,"Impact of Microvascular Inflammation on Kidney Allograft Outcome | Transplant;Failure,Kidney|Kidney Transplant Rejection | Graft microvascular inflammation poses a significant challenge to successful kidney transplantation due to its hetero…",96,0.002697199121825989
NCT05814029,1,-0.0073437012961744584,-0.096073627,low,"Different Mobilization Techniques on Balance, Gait, Jumping and Foot Plantar Pressure | Dorsiflexion Deformity of Foot | Adequate ankle dorsiflexion range of motion is important for normal performance of functional activities such as walkin…",96,0.002697199121825989
NCT05999682,1,-0.007273005140732493,-0.08284954,low,"Improvement of Organ Function by Apigenin in Elderly Patients With Sepsis | Sepsis|Septic Shock | In this single-center, randomized, single-blind, placebo-controlled pilot clinical trial. The effect of apigenin on the improvement of organ f…",96,0.002697199121825989
NCT06126250,1,-0.006657937083796242,-0.160391003,low,"Safety and Efficacy of U-Shaped Sonic Toothbrush on Plaque and Gingivitis | Plaque Induced Gingivitis | The goal of this 30 day, randomized, two group, parallel, examiner-blind clinical study is to evaluate the safety and efficacy of AutoBr…",96,0.002697199121825989
NCT06957951,1,-0.006473570046243537,-0.096483439,low,"Effectiveness of WBV-Supported Core Training on Lumbar Disc Herniation | Lumbar Disc Herniation|Low Back Pain | ""This randomized controlled trial investigated the effects of conventional physiotherapy, core stabilization exercises, and WBV-…",96,0.002697199121825989
NCT07008079,1,0.014371522658452705,-0.142782331,high,Flapless Mini-incision Implant Surgery | IMPLANTATION|Dental Implant|Dental Implant Placement|Peri-Implant Tissues | evaluate the clinical efficacy of the flapless mini-incision method compared to conventional flap and flapless punch method…,38,0.002561501491918894
NCT06032871,1,0.012651736518639609,-0.0663663,high,Comparisons of Two Airway Clearance Techniques | Airway Clearance Impairment | The goal of this clinical trial is to compare the effectiveness of two airway clearance techniques for patients with ventilator associated pneumonia. The main qu…,38,0.002561501491918894
NCT05921955,1,0.01174307577550735,-0.089052394,high,Application of High-flow Nasal Oxygen in Cesarean Section | Fetal Acidemia | The study propose that the using the high-flow nasl oxygen to provide oxygen for maternal can improve the fetal acidemia and the neonatal outcomes during cesarean …,38,0.002561501491918894
NCT06141577,1,0.011339816419879866,-0.018852353,high,"A Study to Compare Pharmacokinetics, Pharmacodynamics and Safety of UI059 and UIC202201 in Healthy Subjects | GERD | A randomized, open-label, multiple-dose crossover phase 1 clinical trial to compare and evaluate the safety, pharmacokineti…",38,0.002561501491918894
NCT05742633,1,0.011311175389867003,-0.043625832,high,Comparative Effect of Active Release Technique Versus Self-myofascial Release in Improving Piriformis Syndrome | Piriformis Syndrome | The goal of this Randomized controlled trial is to examine comparative effect of active release technique…,38,0.002561501491918894
NCT05837247,1,0.010161782956340631,-0.024455002,high,"Effects of Telemonitoring-supported Game-based Home Exercises in Juvenile Idiopathic Arthritis | Exercise Therapy|Juvenile Idiopathic Arthritis | In order to cope with pain, improve quality of life and prevent kinesiophobia in children with…",38,0.002561501491918894
NCT05501548,0,0.009873817609523314,0.095881566,high,Phase II Study of PARP Inhibitor Olaparib and IV Ascorbate in Castration Resistant Prostate Cancer | Prostate Cancer|Castration-resistant Prostate Cancer | This is a study to evaluate the safety and clinical activity of the combination of o…,38,0.002561501491918894
NCT05711290,1,0.009197017610561034,-0.223093227,high,"Oxygen Nanobubble Drink Impact on Exercise in Pulmonary Fibrosis | Pulmonary Fibrosis | Approximately 1 in 5 (or 12.7 million adults) in the UK have longstanding respiratory illnesses, and 6.5 million patients report taking prescription med…",38,0.002561501491918894
NCT05903820,1,-0.004122979798485176,0.045651954,low,Rhythmic Estradiol and Bone Health | Osteoporosis Risk|Menopause | The goal of this randomized-controlled trial is to compare the effect of rhythmic estrogen treatment to continuous estrogen treatment on bone turnover in healthy postmenopau…,38,0.002561501491918894
NCT05713981,1,-0.004106602662670866,0.020868223,low,The Impact of Dry Eye Syndrome on Metrics of Low Contrast Vision Before and After Meibomian Gland Expression | Meibomian Gland Dysfunction | The study aims to determine the impact of Meibomian Gland Dysfunction (MGD) dry eye on low contrast…,38,0.002561501491918894
NCT06877390,1,-0.004001879438633295,-0.136785582,low,Effect of Enhanced External Counterpulsation | Enhanced External Counterpulsation (EECP)|Acute Myocardial Infarction (AMI)|Drug-coated Balloon|Cardiac Rehabilitation | This study evaluated the efficacy and safety of enhanced extracorporeal …,38,0.002561501491918894
NCT05907226,1,-0.003778099053868118,-0.37324518,low,"Compare Smokers' Appraisal of Proposed Plain Packs and Existing Cigarette Packs | Health Risk Behaviors|Non Communicable Diseases | 2 Objectives

1. To explore the noticeability of pictorial health warnings and perceptions of attractiveness…",38,0.002561501491918894
NCT06496269,1,-0.0033883134383631843,0.057385206,low,"Impact of Microvascular Inflammation on Kidney Allograft Outcome | Transplant;Failure,Kidney|Kidney Transplant Rejection | Graft microvascular inflammation poses a significant challenge to successful kidney transplantation due to its hetero…",38,0.002561501491918894
NCT06103695,1,-0.003382130125405638,0.14159143,low,"Vtama in Psoriasis Patients Being Treated With Biologics. | Psoriasis | Open label study to assess 12 weeks of add-on VTAMA® (tapinarof) Cream, 1% QD in patients with ≥3% BSA who have received biologic therapy for at least 24 weeks.",38,0.002561501491918894
NCT05092659,1,-0.0033310226491084904,-0.117032684,low,"Patient Experience in Bariatric Surgery: Definition of New Indicators | Bariatric Surgery | Given the growing importance of placing the patient at the heart of care evaluation, the use of patient questionnaires such as Patient Reported Expe…",38,0.002561501491918894
NCT05568381,1,-0.0032067387345114185,0.193464115,low,Sleep Disturbance in MCI: A Study of a Cognitive Behavioural Therapy Digital Intervention | Cognitive Dysfunction|Insomnia|Mild Cognitive Impairment|Cognitive Disorder|Sleep Wake Disorders | This study aims to determine the feasibility of a…,38,0.002561501491918894
NCT06072885,1,0.010159471159506666,-0.03135749,high,Evaluation of Perioperative Lung Ultrasound Scores in Laparoscopic Pediatric Surgeries | Postoperative Pulmonary Atelectasis | Laparoscopic surgeries require carbon-dioxide into the abdomen which may occasionally lead to atelectasis. The ex…,85,0.002545835594143418
NCT05948098,1,0.008780688054122266,-0.095324039,high,"Facilitated Tucking Position, Gentle Human Touch Practices and Pain | Pain|Premature | This prospective study is planned as a randomized controlled study to evaluate the effect of facilitated tucking position and gentle human touch practice…",85,0.002545835594143418
NCT05856071,1,0.008369593920785973,-0.288340181,high,TEL and Clam Shell Exercises Affect After ACL | Knee Ligament Injury | The purpose of this study to determine the effects of the addition of isolated hip strengthening exercises to traditional rehabilitation after Anterior cruciate ligament…,85,0.002545835594143418
NCT06991569,1,0.007334893345180262,-0.279221594,high,Evaluation for Healing of Iatrogenic Perforation After Non Surgical Repair | Root Perforation at the Bifurcation Area|Strip Perforation|Lateral Perforation | The goal of this retrospective study is to evaluate the outcome of nonsurgical roo…,85,0.002545835594143418
NCT06930222,1,0.007300235295806487,-0.011069067,high,The Investigation of Predicting Mortality and Morbidity in Patients Admitted to Intensive Care Unit With Thoracic Trauma Using Selected Biomarkers and Parameters | Thorax Traumas | This prospective study aimed to predict morbidity and morta…,85,0.002545835594143418
NCT05982639,1,0.0072926933552344055,0.041631013,high,"Comparative Analysis of the Lung Inflammatory Response After Thoracic Surgery With Single or Double Lung Ventilation: a Randomized, Pilot, Trial | Thoracic Diseases|Surgery | The goal of this clinical trial is to compare in patients undergo…",85,0.002545835594143418
NCT05973227,1,0.007054695436846288,-0.042254925,high,InTRaoperative Imaging DEvice Based on endogeNous opTical Properties to Evaluate Bowel Oxygenation in Colorectal Resections | Left-sided Colorectal Resection : Diverticular Diseases|Left-sided Colorectal Resection : Colonic Neoplasms|Left-s…,85,0.002545835594143418
NCT06646393,1,0.006943536326875801,-0.071382463,high,The Effect of Paternal Skin-to-Skin Contact on Breastfeeding Process After Cesarean Section | Skin to Skin Contact|Skin to Skin Contact in Cesarean Deliveries | This study aims to investigate the effect of paternal skin contact on breastfee…,85,0.002545835594143418
NCT06294756,1,-0.0056757827479896154,0.046362616,low,"Sulfureous Water Therapy in Viral Respiratory Diseases | Long-COVID|Post COVID-19 Condition|Chronic COVID-19 Syndrome|Post Acute Sequelae of COVID-19 | The goal of this double-blind, interventional, randomized case-control, pilot trial is t…",85,0.002545835594143418
NCT05803161,1,-0.005096891321314843,0.038974728,low,"Congrong Runtong Oral Liquid in the Treatment of Functional Constipation (Yang-deficiency Type) | Functional Constipation | Using a placebo as a control, this study aims to preliminarily evaluate the clinical efficacy of Congrong Runtong or…",85,0.002545835594143418
NCT06280118,1,-0.004661895651331634,-0.083691746,low,"The Effect of Fatigue on CPR | Resuscitation | Background: This study, in contrast to the previous studies, generated a scenario of fatigue in an earthquake scenario and aimed to measure the effect of fatigue on the quality of cardiopulmona…",85,0.002545835594143418
NCT06103695,1,-0.004459543506745831,-0.133961886,low,"Vtama in Psoriasis Patients Being Treated With Biologics. | Psoriasis | Open label study to assess 12 weeks of add-on VTAMA® (tapinarof) Cream, 1% QD in patients with ≥3% BSA who have received biologic therapy for at least 24 weeks.",85,0.002545835594143418
NCT05755347,1,-0.004427440398944782,0.064889327,low,Assessing Functional Status Needs Via PRO Measures for Pts With Metastatic Breast Cancer | Breast Cancer|Metastasis | The purpose of this single-site non-randomized study is to identify areas of need related to functional status and overall…,85,0.002545835594143418
NCT06115044,1,-0.004369936427550556,0.211314067,low,"The DINE-Normal Proof-of-concept Study | Critical Illness|Enteral Nutrition|Time Restricted Feeding | Overarching hypothesis In critically ill adults enteral feeding in a diurnal intermittent pattern improves patient centred outcomes.

Rese…",85,0.002545835594143418
NCT06077474,1,-0.004359832094710327,-0.143636256,low,Validation of the Turkish Version of PTSD-RI-5 | Post-Traumatic Stress Disorder in Children | The aim of this study is to investigate the adaptation and validity of the DSM-5 PTSD-RI -5 scale in patients who have been exposed to traumatic e…,85,0.002545835594143418
NCT06666959,1,-0.004331561912695178,-0.033527639,low,Sevoflurane Versus Propofol in Endovascular Coiling of Cerebral Aneurysm | Propofol|Sevoflurane | The goal of this observational study is to learn about the anti-inflammatory effects of anesthetics on patients undergoing endovascular coilin…,85,0.002545835594143418
NCT05777265,1,0.008915616604472234,0.061255623,high,"The Effects of 16-Week Circuit Training in Healthy Women | Healthy Women | The aim of this study is to investigate the effects of 16-week CT on physical fitness parameters, pulmonary function, and quality of life in healthy women.",98,0.002455442715129976
NCT06591637,1,0.00662637171928111,0.162437856,high,"Fertility Supportive Behavior Education Based On Watson's Theory Of Human Care | Infertility, Female|IVF | Infertile individuals frequently attempt behavioral changes to enhance the effectiveness of their treatment and improve fertility out…",98,0.002455442715129976
NCT06606132,1,0.006126435698467958,0.017841756,high,"Effects of Immersive Virtual Reality on Quality of Life, Stress, Anxiety, Depression and Grip Strength in Fibromyalgia: A Pilot Study | Fibromyalgia (FM) | The aim of this pilot study is to determine the effectiveness of an exercise program…",98,0.002455442715129976
NCT05855837,1,0.00608176754156375,0.256916046,high,"Appetite Responses to Cereal Products | Satisfaction, Consumer | The purpose of this clinical trial is to investigate appetite responses to 2 cereal products in healthy adults.",98,0.002455442715129976
NCT06032871,1,0.005966866821427175,0.15229398,high,Comparisons of Two Airway Clearance Techniques | Airway Clearance Impairment | The goal of this clinical trial is to compare the effectiveness of two airway clearance techniques for patients with ventilator associated pneumonia. The main qu…,98,0.002455442715129976
NCT06632392,1,0.0059519147948735454,0.169484973,high,"The Effect of Simulation-Based Preoperative Nursing Care Education on Student | Preoperative Care|Nursing Education|Simulation|Clinical Practice | Today, different technologies are used in the stages of the education and training process. S…",98,0.002455442715129976
NCT06025526,0,0.005766263775826132,0.147102326,high,Effectiveness of the Aktivplan Digital Intervention (ACTIVE-CaRe Pilot) | Cardiac Rehabilitation|Secondary Prevention|Cardiovascular Diseases | The goal of this clinical pilot / feasibility study is to determine the feasibility of conductin…,98,0.002455442715129976
NCT05973227,1,0.005715997327615696,0.13082774,high,InTRaoperative Imaging DEvice Based on endogeNous opTical Properties to Evaluate Bowel Oxygenation in Colorectal Resections | Left-sided Colorectal Resection : Diverticular Diseases|Left-sided Colorectal Resection : Colonic Neoplasms|Left-s…,98,0.002455442715129976
NCT05987969,1,-0.006680210908971276,0.196811378,low,Efficacy and Safety of the Alena App as a Treatment for Social Anxiety Disorder | Social Anxiety Disorder (Social Phobia)|Social Anxiety|Social Anxiety Disorder | The present study is a randomised controlled trial that seeks to investigate …,98,0.002455442715129976
NCT05833139,1,-0.006060930924139285,0.21143645,low,A Study in Healthy Men to Test How Itraconazole Influences the Amount of Zongertinib (BI 1810631) in the Blood | Healthy | The main objective of this trial is to investigate the effect of multiple doses of the strong CYP3A inhibitor and rec…,98,0.002455442715129976
NCT05819424,1,-0.005565519343181222,0.107636407,low,"EpiCor Clinical Study on Rapid Immune Modulating Effects | Immune Surveillance | Clinical verification study evaluating the effects of a nutraceutical product. This study involves thirty participants composed of healthy adults, who will be …",98,0.002455442715129976
NCT06130345,1,-0.00489255097292812,-0.005133271,low,Post-marketing Safety of Elasomeran/Davesomeran and Andusomeran | SARS-CoV-2 | The main objective of the study is to evaluate the safety of the elasomeran/davesomeran and andusomeran vaccines as used in routine clinical practice.,98,0.002455442715129976
NCT06930222,1,-0.004840430470734418,0.034576934,low,The Investigation of Predicting Mortality and Morbidity in Patients Admitted to Intensive Care Unit With Thoracic Trauma Using Selected Biomarkers and Parameters | Thorax Traumas | This prospective study aimed to predict morbidity and morta…,98,0.002455442715129976
NCT05596994,1,-0.004567222170974219,0.124167085,low,"7T MRI for Light Therapy in Patients With Mild Cognitive Impairment and Mild AD | Mild Cognitive Impairment|Alzheimer's Disease | The purpose of this research study is to investigate the effect of a light treatment on sleep, memory and brai…",98,0.002455442715129976
NCT05422625,1,-0.004163683184469846,0.127281427,low,"PTNS for Female Patients Suffering From Multiple Sclerosis | Multiple Sclerosis|Overactive Bladder | This is a pilot, single blind, randomized, sham-controlled trial to assess the benefit of Percutaneous Tibial Nerve Stimulation (PTNS) in t…",98,0.002455442715129976
NCT05741385,1,-0.004058730057365665,0.087545596,low,"A Study to Compare How Different Substances (Caffeine, Warfarin, Omeprazole, Metoprolol, and Midazolam) Are Handled by the Body of Healthy People and People With Liver Cirrhosis | Liver Cirrhosis | This study is open to healthy adults and a…",98,0.002455442715129976
NCT06850155,1,0.0048209000431586446,0.257688016,high,"Gluteal Sling Release on Gluteal Dysfunction After in Primary Total Hip Arthroplasty | Hip Osteoarthritis|Osteoarthritis, Hip|Gluteus Maximus Muscle Atrophy|Muscle Weakness Condition|Fatty Degeneration | This study investigates the effects …",19,0.0022735830665462585
NCT06646393,1,0.00475944622832003,0.212937877,high,The Effect of Paternal Skin-to-Skin Contact on Breastfeeding Process After Cesarean Section | Skin to Skin Contact|Skin to Skin Contact in Cesarean Deliveries | This study aims to investigate the effect of paternal skin contact on breastfee…,19,0.0022735830665462585
NCT05742633,1,0.004089214085456661,0.244512007,high,Comparative Effect of Active Release Technique Versus Self-myofascial Release in Improving Piriformis Syndrome | Piriformis Syndrome | The goal of this Randomized controlled trial is to examine comparative effect of active release technique…,19,0.0022735830665462585
NCT05731102,1,0.004089096800430525,0.032832801,high,Diagnostic Survey of Mental and Substance Use Disorders Among Norwegian College and University Students | Mental Disorders|Substance Use Disorders|Treatment|Participation | The aims of this observational survey are to 1) collect data on the…,19,0.0022735830665462585
NCT05999682,1,0.0040259289338564486,0.045512747,high,"Improvement of Organ Function by Apigenin in Elderly Patients With Sepsis | Sepsis|Septic Shock | In this single-center, randomized, single-blind, placebo-controlled pilot clinical trial. The effect of apigenin on the improvement of organ f…",19,0.0022735830665462585
NCT06204796,1,0.003651610748247549,0.192375541,high,The Role of Vitamin D in Amelioration of Oral Lichen Planus and Its Effect on Salivary IFN-γ Level | Oral Lichen Planus|Vitamin D Deficiency | The goal of this clinical trial is to compare between the use of vitamin D supplement in conjunct…,19,0.0022735830665462585
NCT05707195,1,0.0034445044288969485,0.072801605,high,"Learning Excellence Program and Improvement of Quality Care | Satisfaction, Patient | Improving the quality of care is a daily goal in pediatric intensive care units. Measuring patient and family satisfaction is recognized as an indicator o…",19,0.0022735830665462585
NCT06533618,1,0.0034394142802500484,0.090178341,high,"Characterization of the ""Transfusion-dependent Prediabetes"" Using Continuous Glucose Monitoring | Prediabetic State | Dysglycemia is a frequent finding in transfusion-dependent thalassemia (TDT). The oral glucose tolerance test (OGTT) remai…",19,0.0022735830665462585
NCT06629870,1,-0.010377000796220273,0.175813437,low,Dental Anxiety During Restorative Dental Treatment | Hypnotherapy|Virtual Reality|Mindfulness | Anxiety refers to behavioural disorders associated with excessive fear and anxiety. Dental anxiety refers to excessive fear and anxiety at the t…,19,0.0022735830665462585
NCT05494359,1,-0.00970761984724902,0.100113437,low,The Diagnostic Value of Nitrogen Element (N) in Esophagus Cancer | Esophageal Cancer | The purpose of this study is to determine the diagnostic value of various nitrogen components in oral gas for esophagus cancer (ESCA) .,19,0.0022735830665462585
NCT06735547,1,-0.009547120460706538,0.169658318,low,"Effectiveness of a Mobile Telerehabilitation Tool Versus Conventional Treatment in Total Knee Arthroplasty | Musculoskeletal Disorders|Knee Osteoarthritis (OA) | Knee arthroplasty is one of the most common surgical procedures, and early reh…",19,0.0022735830665462585
NCT05770284,1,-0.008370742986285222,-0.009162652,low,"Effect of Exercise Based Regimen on Frailty in Children With Liver Disease | Liver Diseases | Frailty is now a well-known complication of liver disease and various studies, including pediatric literature studies, have recognized it as a poo…",19,0.0022735830665462585
NCT06162507,1,-0.007428215503748561,0.231368959,low,"Study of CM310 in Children Subjects With Moderate-to-severe Atopic Dermatis | Atopic Dermatitis | This is a multi-center, single arm, open-label study to evaluate safety in children patients with moderate-to severe atopic dermatis.",19,0.0022735830665462585
NCT06565884,1,-0.006953564822188127,0.298662186,low,"Study on the Safety, Efficacy of Home RF Cosmetic Instrument in the Treatment of Facial or Periorbital Wrinkles（F-MFR300-RD-003） | Skin Wrinkles | This is a multicenter trial with randomized control and evaluator blind method, which meets t…",19,0.0022735830665462585
NCT06991569,1,-0.0065716697169045804,0.239473879,low,Evaluation for Healing of Iatrogenic Perforation After Non Surgical Repair | Root Perforation at the Bifurcation Area|Strip Perforation|Lateral Perforation | The goal of this retrospective study is to evaluate the outcome of nonsurgical roo…,19,0.0022735830665462585
NCT06101498,1,-0.006332525611878736,0.147349387,low,Peroperative Fluid Management in Major Gynecological Cancer Surgeries | Fluid Overload|Fluid Loss|Perioperative/Postoperative Complications|Acute Kidney Injury | The aim of this study is to evaluate the effect of perioperative fluid managem…,19,0.0022735830665462585
NCT06764901,1,0.009796641156208352,-0.016489599,high,Scalable Technology for Online Prevention of Child Sexual Abuse (CSA) and CSA Materials | Sexual Behavior|Child Sexual Abuse Material (CSAM) Consumption|Behavioural Disorder|Behavior Problems|Online Behaviour | 1. Summary The STOP-CSAM Stud…,34,0.002256971914204833
NCT06053632,1,0.008172721667986025,-0.073817082,high,"Young Age Soccer Player's Lower Limb Muscle Imbalance and Functional Status | Healthy | A randomized controlled trial is designed to examine the effects of low-load and high-velocity eccentric exercises on lower limb muscular properties, im…",34,0.002256971914204833
NCT06310083,1,0.007335269926893488,-0.144370526,high,Endoscopic Submucosal Resection Turbinoplasty VS Turbinectomy | Turbinate; Hypertrophy Mucous Membrane | The aim of our study is to compare endoscopic submucosal resection Turbinoplasty and partial inferior turbinectomy regarding clinical a…,34,0.002256971914204833
NCT05954143,1,0.007043551169183502,0.075610079,high,"Trial of BDC-1001 +/- Pertuzumab in Subjects With HER2-Positive Metastatic Breast Cancer | Metastatic Breast Cancer|HER2-positive Breast Cancer | This is an open-label, Phase 2 study to evaluate preliminary anti-tumor activity, safety, tole…",34,0.002256971914204833
NCT05702840,1,0.006972799296700032,0.110630661,high,"EXerCise wEight Loss | Overweight and Obesity | The overall aim of this study is to investigate the effects of home-based resistance exercise programme on changes in body composition and strength during weight loss, in people living with ob…",34,0.002256971914204833
NCT06198192,1,0.006942204079814473,-0.033423875,high,Effects of Pilates Exercises on Hearing Impairment Children | Hearing Impaired Children | This study will determine the effects of Pilates exercises on static and dynamic balance in children with hearing impairment. Children with hearing im…,34,0.002256971914204833
NCT06718881,1,0.00625675445275192,-0.171032518,high,Investigation of the Effect of Virtual Reality Environment on Developing Clinical Skills in Nursing Students | University Students | To reduce the negative consequences of these problems in clinical practice on the quality of education in t…,34,0.002256971914204833
NCT06850155,1,0.006153350497787074,-0.242644295,high,"Gluteal Sling Release on Gluteal Dysfunction After in Primary Total Hip Arthroplasty | Hip Osteoarthritis|Osteoarthritis, Hip|Gluteus Maximus Muscle Atrophy|Muscle Weakness Condition|Fatty Degeneration | This study investigates the effects …",34,0.002256971914204833
NCT05819424,1,-0.0054891449162732895,-0.008829564,low,"EpiCor Clinical Study on Rapid Immune Modulating Effects | Immune Surveillance | Clinical verification study evaluating the effects of a nutraceutical product. This study involves thirty participants composed of healthy adults, who will be …",34,0.002256971914204833
NCT05987969,1,-0.005003407248495933,-0.201479793,low,Efficacy and Safety of the Alena App as a Treatment for Social Anxiety Disorder | Social Anxiety Disorder (Social Phobia)|Social Anxiety|Social Anxiety Disorder | The present study is a randomised controlled trial that seeks to investigate …,34,0.002256971914204833
NCT05808595,1,-0.004762661636814301,-0.066141315,low,The Safety and Efficacy of AlphaWave® L-Theanine on Adults Who Experience Moderate Stress on a Regular Basis | Stress | The objective of this study is to evaluate the efficacy of AlphaWave® L-Theanine on stress among adults who experience m…,34,0.002256971914204833
NCT03825965,1,-0.004749121467343684,-0.122912787,low,"Cannabinoids vs. Placebo on Persistent Post-surgical Pain Following TKA: A Pilot RCT | Knee Osteoarthritis | Each year, approximately 75,000 Canadians undergo knee replacement surgery, and up to 25% develop persistent post-surgical pain. Pe…",34,0.002256971914204833
NCT06053437,0,-0.004727866099292441,-0.10712868,low,"Prognostic Indicators in Pituitary Adenoma Surgery: a Comprehensive Analysis of Surgical Outcomes and Complications. | Pituitary Adenoma|Surgery-Complications | Predicting the outcome of pituitary surgery, particularly the risk of complicat…",34,0.002256971914204833
NCT06646393,1,-0.0042640619759549735,-0.345932484,low,The Effect of Paternal Skin-to-Skin Contact on Breastfeeding Process After Cesarean Section | Skin to Skin Contact|Skin to Skin Contact in Cesarean Deliveries | This study aims to investigate the effect of paternal skin contact on breastfee…,34,0.002256971914204833
NCT06037031,1,-0.004132223942874589,-0.005556427,low,A Study to Learn How the Body Processes the Study Medicine Called PF-07923568 in People With Loss of Kidney Function | Renal Impairment | The purpose of this study is to understand how the loss of kidney function affects study medicine (PF-…,34,0.002256971914204833
NCT06204796,1,-0.0038657099988154186,-0.050857395,low,The Role of Vitamin D in Amelioration of Oral Lichen Planus and Its Effect on Salivary IFN-γ Level | Oral Lichen Planus|Vitamin D Deficiency | The goal of this clinical trial is to compare between the use of vitamin D supplement in conjunct…,34,0.002256971914204833
NCT05950880,0,0.012441064133779491,-0.095324337,high,"Effect of High Intensity Exercises in Treatment of Patients With Shoulder Impingement Syndrome | Shoulder Impingement Syndrome | Purposes of the study

To investigate the effect of adding High-Intensity Exercises to conventional physical th…",97,0.002237009212650405
NCT06010173,1,0.009851697693157604,-0.176959038,high,Evaluation of Gadopiclenol for Magnetic Resonance Imaging (MRI) in Japanese Adults and Children | Lesion in Body Region|CNS Lesion | This trial conducted in Japan includes 2 different cohorts of patients: adult patients and pediatric patien…,97,0.002237009212650405
NCT06294535,1,0.009848496700783471,-0.136357218,high,"The Accuracy of Reconstruction of Orbital Walls Fracture Using Prebent Mesh Versus Patient Specific Implant | Orbital Fractures | under GA, incision to access to orbital walls. Then insertion of prebent titanium mesh or customized titanium …",97,0.002237009212650405
NCT06755333,1,0.008003732887392517,-0.06877742,high,"Oral Hygiene Management of Hematologic Patients Undergoing Auto-transplantation | Hematopoietic Stem Cell Transplantation | This study assessed the effectiveness of a preventive protocol that included oral hygiene measures, patient educatio…",97,0.002237009212650405
NCT06310083,1,0.008003491131225927,-0.044493169,high,Endoscopic Submucosal Resection Turbinoplasty VS Turbinectomy | Turbinate; Hypertrophy Mucous Membrane | The aim of our study is to compare endoscopic submucosal resection Turbinoplasty and partial inferior turbinectomy regarding clinical a…,97,0.002237009212650405
NCT06590129,1,0.007304604388064035,-0.037956662,high,Functional Recovery and Pain Reduction Post-hydrodissection vs Rehabilitation in Patients With Carpal Tunnel Syndrome (Hydrocarpal) | Carpal Tunnel Syndrome (CTS) | This study pretend to evaluate the effectiveness of hydrodissection vs only…,97,0.002237009212650405
NCT06130345,1,0.0072944272137903,-0.084443502,high,Post-marketing Safety of Elasomeran/Davesomeran and Andusomeran | SARS-CoV-2 | The main objective of the study is to evaluate the safety of the elasomeran/davesomeran and andusomeran vaccines as used in routine clinical practice.,97,0.002237009212650405
NCT05442853,1,0.007147687428698078,-0.042811096,high,"Continuous Glucose Monitoring for Hyperglycemia in Critically Ill Patients | Hyperglycemia|Hypoglycemia|Critical Illness|Diabetes Mellitus | The investigators intend to conduct a single-center, prospective, randomized comparative trial of p…",97,0.002237009212650405
NCT06699940,1,-0.00433809330830627,-0.210541904,low,A Retrospective Study to Evaluate NeuroStar® Advanced Therapy in Adolescents | MDD | To assess the real-world effectiveness of transcranial magnetic stimulation (TMS) for depression in large adolescent and young adult samples.,97,0.002237009212650405
NCT05814029,1,-0.004210257846111744,-0.086048223,low,"Different Mobilization Techniques on Balance, Gait, Jumping and Foot Plantar Pressure | Dorsiflexion Deformity of Foot | Adequate ankle dorsiflexion range of motion is important for normal performance of functional activities such as walkin…",97,0.002237009212650405
NCT06115044,1,-0.004190538123814349,-0.145597219,low,"The DINE-Normal Proof-of-concept Study | Critical Illness|Enteral Nutrition|Time Restricted Feeding | Overarching hypothesis In critically ill adults enteral feeding in a diurnal intermittent pattern improves patient centred outcomes.

Rese…",97,0.002237009212650405
NCT05740982,0,-0.0038250251466479313,-0.223922566,low,"A Phase 2 Randomized Multisite Trial to Inform Public Health Strategies Involving the Use of MVA-BN Vaccine for Mpox | Monkeypox | This study is a Phase 2 open-label, non-placebo controlled, multi-site clinical trial that will evaluate the …",97,0.002237009212650405
NCT06294756,1,-0.003700992558184453,-0.050661683,low,"Sulfureous Water Therapy in Viral Respiratory Diseases | Long-COVID|Post COVID-19 Condition|Chronic COVID-19 Syndrome|Post Acute Sequelae of COVID-19 | The goal of this double-blind, interventional, randomized case-control, pilot trial is t…",97,0.002237009212650405
NCT06509282,1,-0.003695809775854286,-0.011809048,low,"Personalized Concurrent Exercise for Cardiovascular Risk Control and Fitness in Adults | Cardiovascular Syndrome, Metabolic | Aim: To determine the efficacy of a personalized concurrent exercise prescription guide combined with pharmacologi…",97,0.002237009212650405
NCT05997654,1,-0.0036110460854524716,-0.140488654,low,Evaluation of the Safety and Effectiveness of the Investigational Product in Improvement of the Appearance of Wrinkles and General Aspect of the Skin | Skin Aging | The study investigates the safety and effectiveness of SILIMED® brand MEDGE…,97,0.002237009212650405
NCT06280118,1,-0.0034889760576857043,0.006551977,low,"The Effect of Fatigue on CPR | Resuscitation | Background: This study, in contrast to the previous studies, generated a scenario of fatigue in an earthquake scenario and aimed to measure the effect of fatigue on the quality of cardiopulmona…",97,0.002237009212650405
